/*!40101 SET @OLD_CHARACTER_SET_CLIENT=@@CHARACTER_SET_CLIENT */;
/*!40101 SET @OLD_CHARACTER_SET_RESULTS=@@CHARACTER_SET_RESULTS */;
/*!40101 SET @OLD_COLLATION_CONNECTION=@@COLLATION_CONNECTION */;
/*!40101 SET NAMES utf8 */;
/*!40103 SET @OLD_TIME_ZONE=@@TIME_ZONE */;
/*!40103 SET TIME_ZONE='+00:00' */;
/*!40014 SET @OLD_UNIQUE_CHECKS=@@UNIQUE_CHECKS, UNIQUE_CHECKS=0 */;
/*!40014 SET @OLD_FOREIGN_KEY_CHECKS=@@FOREIGN_KEY_CHECKS, FOREIGN_KEY_CHECKS=0 */;
/*!40101 SET @OLD_SQL_MODE=@@SQL_MODE, SQL_MODE='NO_AUTO_VALUE_ON_ZERO' */;
/*!40111 SET @OLD_SQL_NOTES=@@SQL_NOTES, SQL_NOTES=0 */;

--
-- Table structure for table `tbl_author`
--

DROP TABLE IF EXISTS `tbl_author`;
/*!40101 SET @saved_cs_client     = @@character_set_client */;
/*!40101 SET character_set_client = utf8 */;
CREATE TABLE `tbl_author` (
  `authorId` int(11) NOT NULL,
  `authorName` varchar(45) NOT NULL,
  PRIMARY KEY (`authorId`)
) ENGINE=InnoDB DEFAULT CHARSET=latin1;
/*!40101 SET character_set_client = @saved_cs_client */;

--
-- Dumping data for table `tbl_author`
--

LOCK TABLES `tbl_author` WRITE;
/*!40000 ALTER TABLE `tbl_author` DISABLE KEYS */;
INSERT INTO `tbl_author` VALUES (1,'Stephen King'),(2,'Giovanna Bellingham'),(3,'Giustina Minter'),(4,'Shaylah Cussen'),(5,'Patrica Bynert'),(6,'Wiley Szymaniak'),(7,'Benedikta Gethin'),(8,'Nevsa Annandale'),(9,'Justis Schuricht'),(10,'Seymour Kubec'),(11,'Roxy Hankin'),(12,'Lea Schule'),(13,'Orsola Knappitt'),(14,'Augustin Ackers'),(15,'Hayyim Eustes'),(16,'Daryn Cancellieri'),(17,'Melony Eberts'),(18,'Kristos Blakiston'),(19,'Cairistiona Capehorn'),(20,'Pearline McNeilly'),(21,'Salim Antonias'),(22,'Clarke Wybron'),(23,'Hunfredo Smedmoor'),(24,'Pippo Ashfull'),(25,'Anabella Vagges'),(26,'Emylee Banat'),(27,'Joaquin Forton'),(28,'Meier Godfrey'),(29,'Audry Phifer'),(30,'Gardy Doret'),(31,'Oliviero Kornousek'),(32,'Allie Starten'),(33,'Bruce Monkley'),(34,'Christie Airton'),(35,'Athene Gounel'),(36,'Salomone Gunderson'),(37,'Marna Minguet'),(38,'Rhona Flores'),(39,'Bord Laroux'),(40,'Cordie Hallin'),(41,'Gertie Seville'),(42,'Ermin Poulglais'),(43,'Nannie Davidovitz'),(44,'Roseanne Flatt'),(45,'Jacob Janowski'),(46,'Cassi Corneljes'),(47,'Charleen Nabbs'),(48,'Cybil Pattisson'),(49,'Jennette Farrand'),(50,'Melonie Treadaway'),(51,'Kerrill Gerrad'),(52,'Vidovik Cox'),(53,'Curran Whoolehan'),(54,'Blondelle Albon'),(55,'Lucio Milby'),(56,'Roseline Luce'),(57,'Clemmy Underwood'),(58,'Wilone Noell'),(59,'Bellina Rustedge'),(60,'Keefe Stygall'),(61,'Petronella Gronno'),(62,'Dorise Pincott'),(63,'Connie Crocumbe'),(64,'Trix Erwin'),(65,'Lizzie Tynemouth'),(66,'Rosita Gritsunov'),(67,'Noby Ninnotti'),(68,'Lacey Custy'),(69,'Zelig Brockie'),(70,'Adel Wagstaffe'),(71,'Kristopher Maciejewski'),(72,'Rob Fearnill'),(73,'Sherill Heinlein'),(74,'Morganica Davers'),(75,'Perle Ginman'),(76,'Patrica Lum'),(77,'Cori Creaser'),(78,'Elva Canet'),(79,'Georgianna Rioch'),(80,'Kira Putterill'),(81,'Laural McKintosh'),(82,'Marcellina Tabbernor'),(83,'Gothart Burnup'),(84,'Zorina Casely'),(85,'Merrill McCaig'),(86,'Ferris Ogelbe'),(87,'Alastair Radmer'),(88,'Georgy Dunster'),(89,'Temple Guerrazzi'),(90,'Laural Wasiela'),(91,'Joya Galbreth'),(92,'Stirling Yarker'),(93,'Sal Riggs'),(94,'Frayda Chubb'),(95,'Stesha Robrow'),(96,'Loise Banasevich'),(97,'Georgeanna Patty'),(98,'Hannis Offa'),(99,'Forrester Okenden'),(100,'Raviv Ferrelli'),(101,'Cherrita Delamere'),(102,'Blondy Trowsdall'),(103,'Isabelle Wem'),(104,'Eudora Walpole'),(105,'Kelli Sneezem'),(106,'Hamnet Mengo'),(107,'Deborah Bloxsum'),(108,'Kev Rosenwasser'),(109,'Margery Grishanov'),(110,'Briggs Crawforth'),(111,'Kelly Ruff'),(112,'Drusi Westwater'),(113,'Sumner Heber'),(114,'Vick Leggs'),(115,'Gun Shropshire'),(116,'Cheri Godson'),(117,'Karen Van der Veldt'),(118,'Andreana Bemwell'),(119,'Sonya Caze'),(120,'Charlotta Klemt'),(121,'Philippa Benyan'),(122,'Sunny Dahlberg'),(123,'Albertina Loram'),(124,'Carly Djakovic'),(125,'Dilan Gravie'),(126,'Pincas Steel'),(127,'Ric Dyerson'),(128,'Donia Gorton'),(129,'Jack Loutheane'),(130,'Sondra Manson'),(131,'Thebault Winson'),(132,'Georg Teenan'),(133,'Jeffry Nowick'),(134,'Alix Grigorian'),(135,'Kimball Stillgoe'),(136,'Nikolas Brodeau'),(137,'Rurik Flanders'),(138,'Hagen Rebert'),(139,'Flore Shrive'),(140,'Tobit Mattiacci'),(141,'Shelley Steventon'),(142,'Sheffield Cawdery'),(143,'Tiebold De Ath'),(144,'Nicol Nehl'),(145,'Elianore Owers'),(146,'Lisette Luebbert'),(147,'Maren Wharlton'),(148,'Jermaine Davydoch'),(149,'Rosemaria Murr'),(150,'Burty Tooby'),(151,'Rayna Yerrell'),(152,'Giana Casillas'),(153,'Leonie Hedon'),(154,'Hartwell Fawlks'),(155,'Celestia Drache'),(156,'Nicol Antoniazzi'),(157,'Kristina Backe'),(158,'Marisa Unthank'),(159,'Jaymie Haskew'),(160,'Sutherlan Dict'),(161,'Gav Bloxsome'),(162,'Lizzy Pundy'),(163,'Jeffy Darth'),(164,'Estrella Fraanchyonok'),(165,'Maryanna Eaklee'),(166,'Byrle Grinyakin'),(167,'Etan Pickle'),(168,'Gregoire Meachem'),(169,'Erinna Lowdham'),(170,'Malchy Setterthwait'),(171,'Brewster Bentick'),(172,'Laryssa Quinn'),(173,'Tyne Gaynsford'),(174,'Tybalt Blockley'),(175,'Annice Strafford'),(176,'Felecia Boarleyson'),(177,'Iolanthe Errington'),(178,'Alida Beatson'),(179,'Evelyn Tremoille'),(180,'Catriona Scamp'),(181,'Arvie Hurrell'),(182,'Brice Leadbitter'),(183,'Dorthea Rishbrook'),(184,'Lavina Peregrine'),(185,'Kare O\' Neligan'),(186,'Kipp O\'Carney'),(187,'Penny Brozek'),(188,'Isis Scobbie'),(189,'Leonard Kettle'),(190,'Eloisa Bosenworth'),(191,'Rayna MacGillicuddy'),(192,'Bibbie MacDiarmid'),(193,'Zelda Stainfield'),(194,'Ruthi Beresfore'),(195,'Karlens Stickland'),(196,'Willow Brokenshaw'),(197,'Katherine Blasgen'),(198,'Marshal Elderbrant'),(199,'Astrix Wiffill'),(200,'Berne Gladhill'),(201,'Erskine Brugemann'),(202,'Randie Catcherside'),(203,'Diannne MacLeese'),(204,'Les Wadhams'),(205,'Drud Brigman'),(206,'Alano Skullet'),(207,'Bartolemo Warbey'),(208,'Dmitri Tocque'),(209,'Jeanine Theze'),(210,'Atlanta Passey'),(211,'Lonni Wolfer'),(212,'Wittie Pattillo'),(213,'Karly Lambotin'),(214,'Dud Slavin'),(215,'Arthur Fer'),(216,'Juana Gellibrand'),(217,'Tillie Spacy'),(218,'Matthus Capstick'),(219,'Melanie Pattesall'),(220,'Charles Meharg'),(221,'Terrence Suscens'),(222,'Ailee Baniard'),(223,'Octavius Sawle'),(224,'Kerr Mildenhall'),(225,'Christel Watts'),(226,'Viviyan Thornley'),(227,'Tabbie Fairbairn'),(228,'Arte Rolf'),(229,'Griselda Romushkin'),(230,'Moyra Madders'),(231,'Kalie Fisby'),(232,'Ethelyn Chartman'),(233,'Alick Brierley'),(234,'Franny Fairfoull'),(235,'Massimo Lockner'),(236,'Wayland Hearne'),(237,'Teodorico Allder'),(238,'Merrick Earey'),(239,'Marita Jolliff'),(240,'Denis Shepland'),(241,'Ellwood Chippindall'),(242,'Waite Mazdon'),(243,'Giselle Le Pruvost'),(244,'Ailene Willishire'),(245,'Ogden Mordan'),(246,'Josefina Patershall'),(247,'Diane-marie Lenoir'),(248,'Faber Undy'),(249,'Parnell Surmeyer'),(250,'Morlee Sterricks'),(251,'Datha Duggleby'),(252,'Casey Cathenod'),(253,'Mose Deards'),(254,'Krystalle Tender'),(255,'Cyndi Fetherby'),(256,'Filberto Fernely'),(257,'Maggy Eversfield'),(258,'Kim Dory'),(259,'Gizela Points'),(260,'Jacques Pitkethly'),(261,'Isak Fenne'),(262,'Braden Rhead'),(263,'Jill Tomini'),(264,'Aileen Tomaschke'),(265,'Patsy Cours'),(266,'Mahalia Gath'),(267,'Gareth Reims'),(268,'Mollie Giraudel'),(269,'Harland Fortye'),(270,'Mitch Parfrey'),(271,'Milissent Simonich'),(272,'Mildrid Valentine'),(273,'Rolfe Schober'),(274,'Blithe Burgin'),(275,'Tore Thirlwall'),(276,'Arv Delgardo'),(277,'Micaela Josham'),(278,'Nathaniel Bools'),(279,'Iris Rookwell'),(280,'Lorita Dorn'),(281,'Kristel Munsey'),(282,'Anet Baigrie'),(283,'Lindon Takle'),(284,'Earle Pennyman'),(285,'Ryann Rapaport'),(286,'Blondie Batting'),(287,'Novelia Stockton'),(288,'Germayne Flucker'),(289,'Genni Mussalli'),(290,'Cordelie Fetherstone'),(291,'Sibelle Oganian'),(292,'Collin Roofe'),(293,'Hewie Frear'),(294,'Marianna Scully'),(295,'Cirilo Piff'),(296,'Izabel Pooly'),(297,'Ingemar Munkley'),(298,'Claudianus Jowitt'),(299,'Berny Cricket'),(300,'Odilia Slemming'),(301,'Fletcher Pinckney'),(302,'Belle Sinnatt'),(303,'Lucie Diggar'),(304,'Dyanne Kynge'),(305,'Barnabe Annable'),(306,'Mag Bergeau'),(307,'Bessy Kynton'),(308,'Janetta Wontner'),(309,'Marlo Patman'),(310,'Tyne Dachs'),(311,'Rik Surmeir'),(312,'Tiffie Margerrison'),(313,'Catharine Leggen'),(314,'Fabien Okker'),(315,'Boyce Penlington'),(316,'Jillane Cazin'),(317,'Derward Labell'),(318,'Tamera Bilney'),(319,'Zulema Littell'),(320,'Taffy Slyman'),(321,'Anitra Cerith'),(322,'Rozalie Murrthum'),(323,'Eddie Giovani'),(324,'Gasparo Stegel'),(325,'Kally Maddrell'),(326,'Thoma Broadbere'),(327,'Jewell Kalinsky'),(328,'Stephani Narraway'),(329,'Adoree Leonard'),(330,'Keefer Staniland'),(331,'Doll Schule'),(332,'Kristine Stonnell'),(333,'Augustine Tathacott'),(334,'Josefa Tenaunt'),(335,'Adelice Tinker'),(336,'Basile Livesay'),(337,'Barty Sussams'),(338,'Fredek Proudlove'),(339,'Layla Sollas'),(340,'Seymour Treweek'),(341,'Gaye Spybey'),(342,'Elton Avesque'),(343,'Kaylil Albrighton'),(344,'Errol Shipman'),(345,'Bucky Knudsen'),(346,'Cully Semmens'),(347,'Roslyn Flight'),(348,'Tamas Ugo'),(349,'Kalina Benallack'),(350,'Lane Purbrick'),(351,'Aila Honatsch'),(352,'Pet Dugdale'),(353,'Ware Sloey'),(354,'Merline Fidell'),(355,'Nerti Spellesy'),(356,'Anett Wrathmall'),(357,'Lonnard Holleran'),(358,'Elihu Spivie'),(359,'Nikolai Parlor'),(360,'Trstram Michal'),(361,'Worth Conen'),(362,'Deni Cleobury'),(363,'Basile Fiske'),(364,'Josee Yarnley'),(365,'Adriano Caddan'),(366,'Nevin Mingard'),(367,'Xerxes Crowter'),(368,'Lisabeth Hartshorne'),(369,'Collette Fishbourne'),(370,'Marinna Fish'),(371,'Ardelia Kropach'),(372,'Adan Braisted'),(373,'Carol-jean Addey'),(374,'Florella Franek'),(375,'Rochette Braunds'),(376,'Rudiger Whiteford'),(377,'Darcie Aitkenhead'),(378,'Liuka Hawton'),(379,'Eugenio Hanshaw'),(380,'Amata Thrower'),(381,'April Purslow'),(382,'Gram Folling'),(383,'Phillida Attrill'),(384,'Suzette Brien'),(385,'Lind Castlake'),(386,'Gerald Lynas'),(387,'Matelda Heinzler'),(388,'Mehetabel Mityashin'),(389,'Dore Gamlin'),(390,'Gregoire Venning'),(391,'Berti Driffe'),(392,'Gamaliel Bryceson'),(393,'Herman Farnall'),(394,'Freddie Laminman'),(395,'Giuseppe Eslinger'),(396,'Pace Callen'),(397,'Dimitri Beekmann'),(398,'Mira Butchart'),(399,'Euell Nibley'),(400,'Lorrie Dutson'),(401,'Marlowe Rymell'),(402,'Corby Gaye'),(403,'Der Bickardike'),(404,'Graeme Giovanetti'),(405,'Pearline Streatfeild'),(406,'Libbie Iczokvitz'),(407,'Westbrook Flipek'),(408,'Adan Goade'),(409,'Rhys Tubby'),(410,'Jerrilyn Blodgett'),(411,'Berkie Tibbetts'),(412,'Jefferson Lear'),(413,'Ruben Urling'),(414,'Eulalie Feechum'),(415,'Bridie Cheesworth'),(416,'Alaric Gabbetis'),(417,'Ignaz Heel'),(418,'Giorgi Swaine'),(419,'Ethe Warwicker'),(420,'Billye Chatain'),(421,'Adan Cockran'),(422,'Oberon Hemmingway'),(423,'Bonita Hadcock'),(424,'Robbi Tremmil'),(425,'Filmore Pattison'),(426,'Salvatore Tarrier'),(427,'Livvyy Tooby'),(428,'Antonietta Whitworth'),(429,'Ariana Dove'),(430,'Jephthah Louw'),(431,'Emelia Sartin'),(432,'Kaleb Twort'),(433,'Rosemaria Bootton'),(434,'Modestine Blagden'),(435,'Kylynn Lummis'),(436,'Georgiana Ibert'),(437,'Beitris Dickerson'),(438,'Justis Blum'),(439,'Leoine Prazor'),(440,'Tuckie Cluderay'),(441,'Peder Paye'),(442,'Sharl Gregolotti'),(443,'Natalee Smardon'),(444,'Friederike Emmitt'),(445,'Aldon Keesman'),(446,'Wood Dismore'),(447,'Osborne Pancast'),(448,'Jonas Muggach'),(449,'Nicholas Kornes'),(450,'Gerik Gameson'),(451,'Lynnett Ings'),(452,'Goldie Carslake'),(453,'Sheilah Bleythin'),(454,'Amil Veal'),(455,'Estella Littler'),(456,'Ulrikaumeko Davydychev'),(457,'Hailee Charrisson'),(458,'Isahella McArte'),(459,'Haydon Scrinage'),(460,'Chev Appleford'),(461,'Hamlin Knagges'),(462,'Elliott Borman'),(463,'Ignazio Hadwen'),(464,'Parnell Khadir'),(465,'Ingaberg Cozzi'),(466,'Gay Wickett'),(467,'Quinton Drover'),(468,'Byrom Petersen'),(469,'Launce Willgoose'),(470,'Letty Jurewicz'),(471,'Theresina Quilkin'),(472,'Willem Shillabeer'),(473,'Gerardo Padell'),(474,'Estel Garry'),(475,'Kendell Fender'),(476,'Marleah Polini'),(477,'Janey Gleadhall'),(478,'Stanley Osgorby'),(479,'Marlowe Betz'),(480,'Eleanor Grinishin'),(481,'Britni Tullett'),(482,'Alida Ball'),(483,'Jemmie Beddard'),(484,'Wilmer Luffman'),(485,'Danica Iglesiaz'),(486,'Bryn Garroway'),(487,'Neda Penhalurick'),(488,'Kimmi Goodbanne'),(489,'Shannon Hedingham'),(490,'Natalie Marder'),(491,'Benetta Domerq'),(492,'Harlan Ingledow'),(493,'Jolyn Clows'),(494,'Sibylla Beall'),(495,'Padget Ledford'),(496,'Oswald Koeppke'),(497,'Lynda MacLennan'),(498,'Raynor Gerg'),(499,'Laurena Swaine'),(500,'Sonny Tregian');
/*!40000 ALTER TABLE `tbl_author` ENABLE KEYS */;
UNLOCK TABLES;

--
-- Table structure for table `tbl_book`
--

DROP TABLE IF EXISTS `tbl_book`;
/*!40101 SET @saved_cs_client     = @@character_set_client */;
/*!40101 SET character_set_client = utf8 */;
CREATE TABLE `tbl_book` (
  `bookId` int(11) NOT NULL,
  `title` varchar(45) NOT NULL,
  `authId` int(11) DEFAULT NULL,
  `pubId` int(11) DEFAULT NULL,
  PRIMARY KEY (`bookId`),
  KEY `fk_author` (`authId`),
  KEY `fk_publisher` (`pubId`),
  CONSTRAINT `fk_author` FOREIGN KEY (`authId`) REFERENCES `tbl_author` (`authorId`) ON DELETE CASCADE ON UPDATE CASCADE,
  CONSTRAINT `fk_publisher` FOREIGN KEY (`pubId`) REFERENCES `tbl_publisher` (`publisherId`) ON DELETE CASCADE ON UPDATE CASCADE
) ENGINE=InnoDB DEFAULT CHARSET=latin1;
/*!40101 SET character_set_client = @saved_cs_client */;

--
-- Dumping data for table `tbl_book`
--

LOCK TABLES `tbl_book` WRITE;
/*!40000 ALTER TABLE `tbl_book` DISABLE KEYS */;
INSERT INTO `tbl_book` VALUES (1,'The Lost Tribe',110,56),(2,'Resident Evil: Degeneration (Baiohazâdo: Dije',431,89),(3,'Blind',150,78),(4,'Sunday in New York',71,16),(5,'Sebastiane',37,92),(6,'Children of the Secret State',206,85),(7,'South Pacific',4,12),(8,'Brigham Young',280,64),(9,'Possible Loves (Amores Possíveis)',169,45),(10,'Arabian Nights (Il fiore delle mille e una no',254,94),(11,'The Loyal 47 Ronin',266,18),(12,'War Comes to America (Why We Fight, 7)',230,24),(13,'Witches, The',147,83),(14,'Space Raiders',86,81),(15,'Innerspace',25,30),(16,'Day of Wrath (Vredens dag)',181,88),(17,'Living on One Dollar',341,66),(18,'Mamma Roma',318,37),(19,'Putin\'s Kiss',161,18),(20,'Paranormal Activity 4',496,4),(21,'Thirst (a.k.a. Three Strange Loves) (Törst)',224,31),(22,'Accused (Anklaget)',26,53),(23,'Mutant Aliens',340,40),(24,'Party Girl',236,21),(25,'Tony Rome',373,45),(26,'Defiance',374,57),(27,'Copying Beethoven',221,89),(28,'Resurrection, A',406,100),(29,'The Hound of the Baskervilles',468,99),(30,'Man and a Woman, A (Un homme et une femme)',18,16),(31,'Zookeeper',479,61),(32,'Concepción Arenal, la visitadora de cárceles',399,50),(33,'Bridge at Remagen, The',453,82),(34,'The Cabin in the Cotton',459,85),(35,'Teheran 43: Spy Ring (a.k.a. Assassination At',494,54),(36,'Brandon Teena Story, The',266,43),(37,'Village of the Damned',115,23),(38,'It Had to Be You',281,42),(39,'Red Dog',266,31),(40,'Close Your Eyes (Hypnotic) (Doctor Sleep)',173,53),(41,'Dog\'s Life, A',274,55),(42,'Adrift (Choi Voi)',463,22),(43,'Charles Bradley: Soul of America',6,16),(44,'Mannequin',484,95),(45,'Crashing',291,64),(46,'Young Doctors in Love',368,88),(47,'Safety Not Guaranteed',347,78),(48,'Ca$h',401,64),(49,'Powwow Highway',369,42),(50,'Chain Camera',100,5),(51,'Can-Can',110,15),(52,'Shrek Forever After (a.k.a. Shrek: The Final ',356,95),(53,'Laughing Policeman, The',419,6),(54,'Woman Thou Art Loosed',443,19),(55,'Sixth of the World, A (Shestaya chast mira)',31,22),(56,'Lone Wolf and Cub: Baby Cart at the River Sty',199,15),(57,'Bring It On Again',38,84),(58,'Reluctant Debutante, The',94,76),(59,'King Is Dead!, The',180,62),(60,'Nighthawks',423,88),(61,'Grass Harp, The',8,39),(62,'Of Horses and Men',485,5),(63,'Confidence',335,39),(64,'There\'s Only One Sun',158,61),(65,'Bat*21',415,41),(66,'Crawlspace',139,29),(67,'Career Girls',83,71),(68,'Secret of Roan Inish, The',1,31),(69,'Donald Glover: Weirdo',185,29),(70,'Hoop Dreams',435,36),(71,'Noam Chomsky: Distorted Morality',244,43),(72,'Raisin in the Sun, A',185,57),(73,'At Close Range',147,50),(74,'Sorority House Massacre',225,83),(75,'Afflicted, The',187,67),(76,'Abominable',479,17),(77,'My Man Godfrey',108,45),(78,'Chalte Chalte',114,57),(79,'Dope',298,74),(80,'Solomon Northup\'s Odyssey',427,52),(81,'CQ',210,79),(82,'Wizards',491,13),(83,'Wszystko, co kocham',42,9),(84,'K-911',427,2),(85,'Rocky Saga: Going the Distance, The',451,22),(86,'Galapagos Affair: Satan Came to Eden, The',135,37),(87,'Mother, The',462,63),(88,'Nine Lives',436,73),(89,'Cheerleaders, The',233,98),(90,'Just Go with It',286,57),(91,'Lupin III: First Contact (Rupan Sansei: Faasu',377,33),(92,'Alexander the Great',111,96),(93,'Saraband',355,18),(94,'Missing William',306,59),(95,'Beeswax',275,17),(96,'Closing the Ring',383,97),(97,'Loser',122,14),(98,'Master of the Flying Guillotine (Du bi quan w',363,97),(99,'Price of Milk, The',285,22),(100,'Golden Door (Nuovomondo)',306,51),(101,'Elena Undone',460,6),(102,'The Kiss of Her Flesh',312,60),(103,'Harvest (Stadt Land Fluss)',468,52),(104,'Last Command, The',476,53),(105,'Comme un chef',360,30),(106,'Return of the Vampire, The',141,6),(107,'House of Games',189,15),(108,'Backfire',370,95),(109,'Killers, The',70,47),(110,'Human Resources (Ressources humaines)',1,55),(111,'Owl and the Pussycat, The',208,31),(112,'Zatoichi and the Chess Expert (Zatôichi Jigok',141,28),(113,'I Inside, The',417,30),(114,'Amazing Johnathan: Wrong on Every Level',126,76),(115,'Summer at Grandpa\'s, A (Dong dong de jia qi)',163,59),(116,'Whip and the Body, The (Frusta e il corpo, La',242,87),(117,'Blot, The',228,97),(118,'Collector, The (Komornik)',420,30),(119,'Blood Night: The Legend of Mary Hatchet (Bloo',305,79),(120,'Seven Days in Utopia',62,81),(121,'Love Exposure (Ai No Mukidashi)',33,55),(122,'New Fist of Fury (Xin jing wu men)',92,54),(123,'Foul King, The (Banchikwang)',278,27),(124,'Wind Will Carry Us, The (Bad ma ra khahad bor',17,90),(125,'Lucky Night',42,50),(126,'Somewhat Gentle Man, A (En ganske snill mann)',254,17),(127,'Last of the Mohicans, The',202,94),(128,'By the People: The Election of Barack Obama',339,48),(129,'Without Limits',339,3),(130,'Children of Heaven, The (Bacheha-Ye Aseman)',143,52),(131,'Hangar 18',357,24),(132,'Feds',495,97),(133,'Helicopter String Quartet',62,30),(134,'Super',430,56),(135,'Electronic Labyrinth THX 1138 4EB',24,29),(136,'Pippi in the South Seas (Pippi Långstrump på ',252,59),(137,'Little Caesar',400,42),(138,'Series 7: The Contenders',446,1),(139,'Haunting at Silver Falls, A',495,31),(140,'Asterix & Obelix: God Save Britannia (Astérix',95,38),(141,'Harriet Craig',424,32),(142,'Hellion',227,83),(143,'Moving Midway',10,65),(144,'Palestine Is Still the Issue',88,63),(145,'Mulholland Falls',280,5),(146,'Cyborg',497,95),(147,'Evidence of Blood',237,93),(148,'Jack the Bear',299,39),(149,'One Piece Film Z',401,3),(150,'Rings',57,93),(151,'The Man Who Could Cheat Death',419,96),(152,'Young at Heart (a.k.a. Young@Heart)',131,6),(153,'Anacondas: The Hunt for the Blood Orchid',140,66),(154,'Fifty Dead Men Walking',73,2),(155,'Gregoire Moulin vs. Humanity (Grégoire Moulin',4,17),(156,'My Winnipeg',195,36),(157,'Rabbit Without Ears (Keinohrhasen)',441,53),(158,'Boy A',482,72),(159,'Goin\' South',11,79),(160,'Off and Running ',16,28),(161,'Ronde, La',224,50),(162,'Spinning Plates',370,95),(163,'Long Night, The',308,95),(164,'D.O.A.',194,91),(165,'Kissed',243,86),(166,'Tom Sawyer',286,64),(167,'Returner (Ritaanaa)',81,94),(168,'Hansel & Gretel: Witch Hunters',402,65),(169,'House of Tolerance',128,73),(170,'Human Race, The',496,94),(171,'Blow Dry (a.k.a. Never Better)',216,94),(172,'Adventures of Captain Marvel',60,57),(173,'Dororo',290,23),(174,'Let My Puppets Come',53,30),(175,'Blood and Roses (Et mourir de plaisir) (To Di',438,59),(176,'Things Are Tough All Over',266,80),(177,'California Conquest',267,99),(178,'Brain Dead',287,87),(179,'Price Above Rubies, A',196,30),(180,'Jury Duty',280,55),(181,'The Man Without a Map',236,83),(182,'Incredibly True Adventure of Two Girls in Lov',201,14),(183,'Snake of June, A (Rokugatsu no hebi)',409,70),(184,'Luke and Lucy: The Texas Rangers (Suske en Wi',75,100),(185,'The Mark of the Angels - Miserere',194,96),(186,'How the West Was Fun',394,73),(187,'S.O.S. Eisberg',116,36),(188,'Bless the Child',452,29),(189,'Neo Ned',364,24),(190,'Bloody Pit of Horror (Il boia scarlatto) (Vir',51,56),(191,'Ugly Duckling and Me!, The',60,20),(192,'Krabat',117,26),(193,'Hell Ride',226,8),(194,'Call, The',80,7),(195,'Burmese Harp, The (Biruma no tategoto)',416,34),(196,'ChromeSkull: Laid to Rest 2',305,46),(197,'In Crowd, The',480,71),(198,'Octopussy',89,41),(199,'Barbershop 2: Back in Business',235,18),(200,'Horror of Dracula (Dracula)',43,8),(201,'Proof',499,45),(202,'Whistle Blower, The',231,53),(203,'Amateur',347,29),(204,'Game Over: Kasparov and the Machine',339,44),(205,'Home for Christmas (Hjem til jul)',179,95),(206,'Ollie Hopnoodle\'s Haven of Bliss',138,26),(207,'Joy Division',244,40),(208,'Secret Garden, The',370,33),(209,'Blue City',57,70),(210,'Cat and the Canary, The',138,82),(211,'Tomboy',343,38),(212,'Surveillance',212,86),(213,'Train on the Brain',427,60),(214,'Front Page, The',44,76),(215,'Summer Catch',12,63),(216,'You Don\'t Mess with the Zohan',473,75),(217,'Shaggy Dog, The',442,24),(218,'Into the Storm',20,62),(219,'Aankhen',462,54),(220,'Steamboy (Suchîmubôi)',416,62),(221,'Wisconsin Death Trip',48,53),(222,'King of the Hill',204,100),(223,'Angry Silence, The',468,60),(224,'Poklosie',62,36),(225,'Holy Flame of the Martial World (Wu lin sheng',359,26),(226,'Project A (\'A\' gai waak)',31,54),(227,'Cutter, The',74,16),(228,'Big Fix, The',469,53),(229,'July Rhapsody (Laam yan sei sap)',115,37),(230,'Joe Dirt',81,64),(231,'Omar Killed Me (Omar m\'a tuer)',475,62),(232,'Love Lasts Three Years (L\'amour dure trois an',426,23),(233,'Love Torn in Dream (Combat d\'amour en songe)',493,84),(234,'Rising Sun',444,51),(235,'Sunset',137,63),(236,'Dad',13,85),(237,'Lodger: A Story of the London Fog, The',40,10),(238,'Last Chance Harvey',431,44),(239,'Kung Fu Panda',57,77),(240,'Beslan: Three Days in September',484,1),(241,'Darby\'s Rangers',45,82),(242,'Day of the Dead 2: Contagium',230,58),(243,'Strangler, The',257,50),(244,'Telefon',274,87),(245,'Born to Fight',68,97),(246,'Naughty Marietta',281,75),(247,'Year of the Hare, The (Jäniksen vuosi)',318,52),(248,'Prisoners',341,36),(249,'Murder by Proxy: How America Went Postal',194,60),(250,'Hole, The',479,19),(251,'King of California',287,14),(252,'Tarzan',410,29),(253,'Be with Me',155,20),(254,'Men in White',34,72),(255,'Marwencol',467,35),(256,'Basketball Diaries, The',180,56),(257,'Black Widow',125,28),(258,'Pépé le Moko',308,92),(259,'Sweet Home',196,66),(260,'Coonskin',412,80),(261,'Ryan\'s Daughter',394,76),(262,'Solaris (Solyaris)',211,21),(263,'Five People You Meet in Heaven, The',147,26),(264,'Yumeji',208,7),(265,'Chasing Christmas',476,6),(266,'Missionary, The',498,7),(267,'Trailer Park Jesus',427,30),(268,'6 Days to Air: The Making of South Park',236,24),(269,'Less is More (Menos es más)',348,43),(270,'Details, The',177,97),(271,'It! The Terror from Beyond Space',310,76),(272,'Gamera vs. Guiron',491,89),(273,'Windmill Movie, The',236,87),(274,'Washington Heights',18,20),(275,'Hiding Out',398,79),(276,'Antonio Gaudí',289,14),(277,'Devil Rides Out, The',341,9),(278,'Whatever',151,70),(279,'Stacy',28,41),(280,'Extraterrestrial',263,21),(281,'Rocket, The (a.k.a. Maurice Richard)',472,84),(282,'Chill',320,98),(283,'Secret of the Grain, The (La graine et le mul',443,33),(284,'Atlas Shrugged: Part II',197,42),(285,'Savior',425,53),(286,'Never Make It Home',419,32),(287,'Kino-Eye (Kinoglaz)',427,40),(288,'Return of Doctor X, The',457,85),(289,'Summer Rental',209,8),(290,'Love and Death on Long Island',371,16),(291,'See You Next Tuesday',346,55),(292,'Hedgehog in the Fog',7,85),(293,'Admiral',286,54),(294,'Road, Movie',153,1),(295,'All American Orgy (Cummings Farm)',159,2),(296,'Hairspray',277,5),(297,'PTU',179,58),(298,'Cry, the Beloved Country',206,53),(299,'Variety Lights',362,3),(300,'Together (Han ni Zai Yiki)',460,14),(301,'Kill Your Darlings',81,22),(302,'Perfect Murder, The',219,18),(303,'Biker Boyz',390,45),(304,'Adventures of Mary-Kate and Ashley, The: The ',297,80),(305,'Kagerô-za',213,6),(306,'Leaves from Satan\'s Book (Blade af Satans bog',327,96),(307,'Déjà Vu (Deja Vu)',482,50),(308,'Young Ones',403,24),(309,'Open Your Eyes (Abre los ojos)',361,4),(310,'The Time Being',362,97),(311,'Half Light',336,32),(312,'Virtuality',242,31),(313,'Frogs',332,25),(314,'California Conquest',95,99),(315,'Ace in the Hole (Big Carnival, The)',318,57),(316,'Hard to Hold',269,99),(317,'Zack and Miri Make a Porno',353,52),(318,'Cirque du Freak: The Vampire\'s Assistant',400,39),(319,'Ben X',39,80),(320,'Charlie Chan at Monte Carlo',125,45),(321,'Class, The (Klass)',336,24),(322,'Santa Clause 2, The',155,64),(323,'Powder Room',143,50),(324,'Kung Fu Hustle (Gong fu)',202,63),(325,'Griff the Invisible',185,60),(326,'Death at a Funeral',486,4),(327,'Tanguy',117,27),(328,'Shiner',253,2),(329,'Orchestra Rehearsal (Prova d\'orchestra)',111,11),(330,'Woodsman and the Rain (Kitsutsuki to ame)',85,33),(331,'Brooklyn',408,74),(332,'How Much Wood Would a Woodchuck Chuck (Beobac',365,4),(333,'To Be King (Koning van Katoren)',262,42),(334,'Bullfighter, The (Matador)',406,30),(335,'C.R.A.Z.Y.',85,12),(336,'Afghan Star',105,43),(337,'Under Our Skin',250,39),(338,'Canadian Bacon',36,1),(339,'Christmas Carol, A',48,20),(340,'In-Laws, The',410,27),(341,'Save the Tiger',472,26),(342,'Casino',335,87),(343,'Alice',194,72),(344,'Alive Inside',207,81),(345,'Full Moon High',307,90),(346,'Pericles on 31st Street',326,23),(347,'Boy A',338,25),(348,'Still Crazy',482,40),(349,'Resident Evil: Apocalypse',248,57),(350,'Accidental Spy, The (Dak miu mai shing)',412,85),(351,'Hong Kong Confidential (Amaya)',86,4),(352,'Sasquatch: The Legend of Bigfoot',55,72),(353,'New Tale of Zatoichi (Shin Zatôichi monogatar',315,76),(354,'Rough Night in Jericho',175,74),(355,'All That... for This?!',70,84),(356,'Casper',304,13),(357,'Two Women (Ciociara, La)',361,80),(358,'Moscow Clad in Snow (Moscou sous la neige) ',397,95),(359,'Early Years: Erik Nietzsche Part 1, The (De u',139,84),(360,'Winning',10,84),(361,'Crazy Beautiful You',267,22),(362,'Xanadu',58,74),(363,'Cry, The (Grido, Il)',493,55),(364,'Percy Jackson & the Olympians: The Lightning ',110,9),(365,'S. Darko (S. Darko: A Donnie Darko Tale)',312,31),(366,'Bright Lights (Adventures in Africa)',291,91),(367,'Pawn Shop Chronicles',163,56),(368,'Pretty Poison',276,56),(369,'All Over the Guy',393,2),(370,'Dark Mirror, The',298,50),(371,'Invisible Man, The',354,35),(372,'Rånarna',203,13),(373,'Breakin\' All the Rules',378,42),(374,'Silent Partner, The',388,41),(375,'What! No Beer?',374,64),(376,'Murder by Death',394,98),(377,'Whiteout',440,9),(378,'Strawberry Statement, The',419,48),(379,'Cry Freedom',331,84),(380,'Nick Offerman: American Ham',170,46),(381,'Sweet Dreams',358,45),(382,'Halloween',217,17),(383,'MacGyver: Lost Treasure of Atlantis',62,73),(384,'Amour fou, L\'',219,57),(385,'Nude for Satan (Nuda per Satana)',235,34),(386,'Once Upon a Scoundrel',157,43),(387,'Gangs of Wasseypur',379,24),(388,'Over the Brooklyn Bridge',337,3),(389,'Listen Up Philip',352,46),(390,'Alfie',154,52),(391,'Sunshine',177,10),(392,'Himizu',100,22),(393,'Crazy Class Wakes Up, The (Hababam sinifi uya',183,49),(394,'Viva Zapata!',2,26),(395,'Marvin Hamlisch: What He Did for Love',334,23),(396,'Ugly Truth, The',383,74),(397,'Knights of Bloodsteel',180,96),(398,'Je m\'appelle Elisabeth',422,12),(399,'Greaser\'s Palace',133,54),(400,'Sacco and Vanzetti (Sacco e Vanzetti)',5,56),(401,'21 Up',52,10),(402,'Happy Ever Afters',69,73),(403,'Batman',247,18),(404,'Not on the Lips (Pas sur la bouche)',55,24),(405,'Color of Pomegranates, The (Sayat Nova)',415,19),(406,'Brother\'s War',141,26),(407,'Caine Mutiny, The',400,91),(408,'Ape, The (Apan)',128,68),(409,'Antique (Sayangkoldong yangkwajajeom aentikeu',194,87),(410,'International House',168,50),(411,'Double Trouble',401,29),(412,'Not Suitable for Children',299,97),(413,'Saps at Sea',143,87),(414,'The Hyperboloid of Engineer Garin (Giperboloi',77,58),(415,'Henry: Portrait of a Serial Killer, Part 2',230,51),(416,'Main Hoon Na',5,81),(417,'The Strength of Water',331,75),(418,'Open Season 3',454,67),(419,'Son of Dracula',220,69),(420,'Wooden Crosses (Les croix de bois)',191,77),(421,'Triple Cross',123,1),(422,'From Hell It Came',55,56),(423,'Tough Guys',51,99),(424,'Big Picture, The (L\'homme qui voulait vivre s',348,2),(425,'Golden Age, The (Âge d\'Or, L\')',335,88),(426,'Takedown: The DNA of GSP',92,42),(427,'Wetlands (Feuchtgebiete)',158,51),(428,'Operator 13',304,57),(429,'Tatort: Im Schmerz geboren',426,100),(430,'My Ain Folk',62,41),(431,'Of Horses and Men',8,30),(432,'Antonia\'s Line (Antonia)',400,51),(433,'Three Faces East',367,62),(434,'Happy Go Lovely',344,17),(435,'End of Violence, The',422,78),(436,'Nightmare City (a.k.a. City of the Walking De',45,9),(437,'3 Bad Men',115,26),(438,'Leave',479,48),(439,'Dead of the Nite',201,100),(440,'Olsen Gang, The (Olsen-Banden)',447,60),(441,'Good bye, Lenin!',489,17),(442,'House of Dracula',184,55),(443,'Librarian, The: The Curse of the Judas Chalic',408,62),(444,'Coherence',220,69),(445,'Barbary Coast',443,78),(446,'Thor',264,66),(447,'Manhattan Project, The',83,23),(448,'Bridegroom',332,58),(449,'Highway ',254,53),(450,'Red: Werewolf Hunter',177,22),(451,'Happy Feet Two',171,9),(452,'Zus & Zo',113,26),(453,'Gaby: A True Story',421,99),(454,'Wing and a Prayer',256,59),(455,'Outer Space',43,53),(456,'101 Dalmatians II: Patch\'s London Adventure',47,79),(457,'Holy Flame of the Martial World (Wu lin sheng',421,83),(458,'Plain Dirty (a.k.a. Briar Patch)',49,35),(459,'Tenderness (Hellyys)',252,70),(460,'Nocturna Artificialia',18,60),(461,'One Hundred Mornings',260,61),(462,'Safe',381,97),(463,'Against the Ropes',332,77),(464,'Ace Ventura: Pet Detective',101,41),(465,'Get Carter',245,49),(466,'Miss Julie',293,88),(467,'Do Not Disturb',221,11),(468,'Holiday',383,95),(469,'Confessions of a Shopaholic',170,37),(470,'Rurouni Kenshin (Rurôni Kenshin: Meiji kenkak',411,13),(471,'Devil\'s Eye, The (Djävulens öga)',428,37),(472,'Journey of August King, The',251,95),(473,'Killer Pad',480,95),(474,'Flying Leathernecks, The',227,61),(475,'Outsider',317,100),(476,'Delicatessen',406,83),(477,'Cat People',83,49),(478,'Flintstones in Viva Rock Vegas, The',10,66),(479,'Chinaman (Kinamand)',195,27),(480,'Very Ordinary Couple (Yeonaeui Wondo)',499,93),(481,'Hick',328,86),(482,'Halloween II',125,7),(483,'Four Flies on Grey Velvet',226,94),(484,'Jacques Brel Is Alive and Well and Living in ',77,83),(485,'Alphabet City',389,22),(486,'Time of Peace (Tempos de Paz)',348,12),(487,'Little Miss Broadway',236,22),(488,'Boris and Natasha',462,72),(489,'Think Like a Man Too',166,78),(490,'Thieves (Voleurs, Les)',463,84),(491,'Body Parts',474,38),(492,'Viva Cuba',317,6),(493,'Frighteners, The',180,67),(494,'Vääpeli Körmy ja marsalkan sauva',324,86),(495,'Santa Clause 3: The Escape Clause, The',362,9),(496,'The Do-Deca-Pentathlon',95,58),(497,'Fled',154,11),(498,'Seance (Kôrei)',78,37),(499,'Elektra Luxx',440,28),(500,'Shiloh',42,11),(501,'Nude for Satan (Nuda per Satana)',493,54),(502,'All Passion Spent',484,81),(503,'Android',107,64),(504,'Tango & Cash',154,66),(505,'The Snow Woman',203,85),(506,'Alabama\'s Ghost',8,66),(507,'Hearts and Minds',476,78),(508,'Paper Lion',480,49),(509,'Exodus',473,25),(510,'Adopted',257,89),(511,'Fierce Creatures',186,48),(512,'My Fellow Americans',264,47),(513,'Me, Myself & Irene',327,41),(514,'A Night at the Movies: The Suspenseful World ',488,74),(515,'Je suis né d\'une cigogne',328,16),(516,'All Night Long',270,14),(517,'Walk All Over Me',132,72),(518,'Godzilla vs. Mothra (Mosura tai Gojira)',267,51),(519,'Rage, The',117,99),(520,'Bird',256,4),(521,'Because I Said So',338,27),(522,'Pursuit of Happyness, The',327,42),(523,'Losin\' It',228,21),(524,'Dog Park',152,88),(525,'Young Guns',131,72),(526,'First Man, The (Le Premier Homme)',176,8),(527,'Effect of Gamma Rays on Man-in-the-Moon Marig',317,78),(528,'Cube of Sugar, A (Ye Habe Ghand)',298,66),(529,'Pickle, The',391,25),(530,'Love Games',92,65),(531,'Portrait of Maria (María Candelaria (Xochimil',447,52),(532,'2081',478,16),(533,'Blood Runs Cold',307,51),(534,'Robin Hood',133,84),(535,'Left-Hand Side of the Fridge, The (Moitié gau',68,47),(536,'Great Race, The',265,73),(537,'Victor/Victoria',55,97),(538,'Sleeping Beauty',453,82),(539,'Veteran, The',15,98),(540,'Juan of the Dead (Juan de los Muertos)',268,21),(541,'Method to the Madness of Jerry Lewis',80,39),(542,'Texas Chainsaw Massacre, The',55,41),(543,'Purple Noon (Plein soleil)',44,15),(544,'Asphalt Playground (La cité rose)',86,94),(545,'Ben X',433,98),(546,'Toy Soldiers',183,96),(547,'Seven Days in May',319,17),(548,'Repentance',48,87),(549,'Visitors, The (Visiteurs, Les)',132,21),(550,'About Adam',189,95),(551,'Poetical Refugee',110,8),(552,'Real Genius',418,100),(553,'Greater Promise, A (Iskateli Schastya)',444,15),(554,'Dragon Ball: Mystical Adventure (Doragon bôru',132,63),(555,'3 Ninjas Knuckle Up',108,91),(556,'Dark Command',309,99),(557,'Blacksmith, The',357,80),(558,'Myth, The (San wa)',246,23),(559,'Stage Fright',99,99),(560,'Next Karate Kid, The',419,48),(561,'Ca$h',24,25),(562,'Moscow Laughs',179,14),(563,'Getting Any? (Minnâ-yatteruka!)',209,19),(564,'Girlfight',109,50),(565,'Stand and Deliver',429,51),(566,'Moon Warriors, The (Zhan shen chuan shuo)',55,37),(567,'The Last Outpost',210,60),(568,'Hey Arnold! The Movie',149,94),(569,'Spiritual Kung Fu (Quan jing)',236,48),(570,'Confessions of a Gangsta',226,61),(571,'Black Dynamite',391,49),(572,'The Last Train through Harecastle Tunnel',305,52),(573,'Secret, The',35,21),(574,'Venus Boyz',494,15),(575,'Hi-Lo Country, The',297,36),(576,'No More School',399,35),(577,'Trespass',47,33),(578,'100 Bloody Acres',345,12),(579,'Misérables, Les',487,7),(580,'Mysterious X, The (Sealed Orders) (Det hemmel',161,98),(581,'Wedding Bell Blues',221,17),(582,'Crank',248,24),(583,'Crazy Kind of Love',8,12),(584,'Dead Alive (Braindead)',50,42),(585,'Die Hard 2',88,8),(586,'Pretty Baby',154,18),(587,'Escape',334,77),(588,'Kawa',411,18),(589,'Three Stooges Meet Hercules, The',8,94),(590,'Ax, The (couperet, Le)',298,59),(591,'Cyclomania',258,65),(592,'Garbage Prince',125,21),(593,'Dick Tracy vs. Cueball',2,6),(594,'The Beast of the City',396,40),(595,'Araya',163,8),(596,'10 000 timmar',11,44),(597,'Book Thief, The',182,84),(598,'Drop Dead Gorgeous',16,53),(599,'The Casino Murder Case',163,76),(600,'Gracie\'s Choice',257,41),(601,'Still Walking (Aruitemo aruitemo)',56,41),(602,'Street People',137,18),(603,'Excalibur',194,30),(604,'Lars and the Real Girl',128,29),(605,'Lady in the Lake',236,8),(606,'Barefoot in the Park',114,56),(607,'Mad Dogs & Englishmen',68,14),(608,'Tango Kabaree',337,26),(609,'Bed & Board (Domicile conjugal)',272,47),(610,'Hip Hop Witch, Da',434,94),(611,'Where the Boys Are',77,40),(612,'Vengeance Can Wait',320,24),(613,'In a Lonely Place',372,27),(614,'Rewind This!',9,73),(615,'Antwone Fisher',151,79),(616,'Honey, I Blew Up the Kid',339,87),(617,'Shine of Rainbows, A',80,9),(618,'Dark Tide',312,84),(619,'Rid of Me',71,16),(620,'East Meets West (Dung sing sai tsau 2011)',42,34),(621,'Chaplin',383,73),(622,'Chances Are',493,22),(623,'Have Rocket, Will Travel',321,40),(624,'Do You Like Hitchcock? (Ti piace Hitchcock?)',189,48),(625,'Marketa Lazarová',131,15),(626,'The Invitation',478,66),(627,'Book of Life, The',41,71),(628,'Single White Female',320,42),(629,'Hurt Locker, The',217,13),(630,'Hair',330,31),(631,'Joy Division',303,30),(632,'Kuffs',219,99),(633,'Land, The (Al-ard)',282,49),(634,'Loose Change 9/11: An American Coup',458,4),(635,'Stars Above',376,52),(636,'Still Life',198,63),(637,'Heavy Metal Parking Lot',438,12),(638,'How About You...',216,25),(639,'Hell Is for Heroes',319,5),(640,'Sparrows',165,11),(641,'Miami Rhapsody',348,98),(642,'Daniel Deronda',432,22),(643,'Lone Ranger, The',180,1),(644,'Good Shepherd, The',14,37),(645,'Moon in the Gutter, The (La lune dans le cani',127,26),(646,'Way of the Dragon, The (a.k.a. Return of the ',231,93),(647,'Dead Space: Aftermath',114,84),(648,'Yuki & Nina',313,69),(649,'Action Jackson',90,23),(650,'Rockaway',111,57),(651,'Wild in the Streets',207,41),(652,'Kill by Inches',125,57),(653,'D.O.A.',157,78),(654,'I Can\'t Think Straight',481,74),(655,'Greatest Game Ever Played, The',165,63),(656,'Beauty of the Day (Belle de jour)',309,1),(657,'Almost an Angel',460,85),(658,'Genocide (Konchû daisensô)',82,58),(659,'Man of Steel',81,96),(660,'Last Call, The (Tercera Llamada)',131,17),(661,'My Week with Marilyn',179,36),(662,'Trouble with Girls, The',459,42),(663,'Destiny (a.k.a. Between Two Worlds) (Der müde',29,44),(664,'Shaggy D.A., The',220,83),(665,'Spy Who Loved Me, The',231,83),(666,'Hour of the Furnaces, The (Hora de los hornos',291,38),(667,'Abandoned',175,25),(668,'Indiscretion of an American Wife (a.k.a. Term',485,51),(669,'Take Care of Your Scarf, Tatiana (Pidä huivis',63,25),(670,'Red Dawn',114,88),(671,'Hardboiled Egg (Ovosodo)',212,52),(672,'Shocker',310,33),(673,'Unknown White Male',141,97),(674,'Flash Gordon',166,37),(675,'Spirit: Stallion of the Cimarron',244,63),(676,'Cyberbully',345,32),(677,'Perils of Gwendoline in the Land of the Yik Y',474,21),(678,'Rules of the Game, The (La règle du jeu)',433,81),(679,'Haunted Palace, The',471,17),(680,'No Mercy (Yongseoneun Eupda)',235,8),(681,'Madadayo (a.k.a. Not Yet)',281,52),(682,'BlinkyTM',285,90),(683,'Septième juré, Le',198,15),(684,'Daydreams',468,95),(685,'The Opposite Sex',314,63),(686,'Priest',435,42),(687,'1900 (Novecento)',295,12),(688,'Prisoner of Paradise',241,3),(689,'Kapitalism: Our Improved Formula (Kapitalism ',95,97),(690,'Puppet Masters, The',382,87),(691,'Get Over It',476,76),(692,'Ultimate Accessory,The (100% cachemire)',416,77),(693,'The Island',81,40),(694,'Walk Softly, Stranger',17,35),(695,'Restraint',101,100),(696,'Private Confessions',110,78),(697,'Single Girl, A (Fille seule, La)',387,66),(698,'Everyday Sunshine:  The Story of Fishbone',379,68),(699,'Flannel Pajamas',204,60),(700,'Night of the Running Man',359,55),(701,'Nightwatch',466,31),(702,'Christmas Story 2, A',179,28),(703,'Veronica Guerin',423,81),(704,'Suspicion',90,41),(705,'District 9',446,37),(706,'Olsen Gang, The (Olsen-Banden)',399,57),(707,'Meet the Parents',203,29),(708,'Pickpocket',133,71),(709,'Desperate',427,79),(710,'The Other Side of the Mountain',86,7),(711,'Her Highness and the Bellboy',69,39),(712,'Thrashin\'',177,42),(713,'Ladybug Ladybug ',114,10),(714,'Beast at Bay, A',73,67),(715,'Cross My Heart',155,11),(716,'Guinevere',123,97),(717,'Catwalk',68,14),(718,'North Beach',172,19),(719,'Love in the Afternoon (Chloe in the Afternoon',361,54),(720,'Divo, Il',318,20),(721,'Footloose',492,89),(722,'Proposition, The',83,58),(723,'Lust, Caution (Se, jie)',98,20),(724,'Summer of \'42',393,53),(725,'Cast a Dark Shadow (Angel)',496,43),(726,'The Nativity',256,35),(727,'Quiet Duel, The (Shizukanaru ketto)',284,43),(728,'Deadline',116,89),(729,'Evilenko',59,11),(730,'Limbo',80,11),(731,'By the Pricking of My Thumbs (Mon petit doigt',292,40),(732,'Friend Is a Treasure, A (Chi Trova Un Amico, ',215,96),(733,'Dolan\'s Cadillac',266,10),(734,'Son of the Bride (Hijo de la novia, El)',249,32),(735,'And Now the Screaming Starts!',244,15),(736,'Shrine, The',282,5),(737,'Fear Over the City',104,59),(738,'Bikes vs Cars',339,91),(739,'Dirty Love',108,56),(740,'Visual Acoustics',116,32),(741,'Karate Kid, The',89,1),(742,'Love Trap, The',386,18),(743,'Helen of Troy',226,32),(744,'My Way (Mai Wei)',75,62),(745,'Shape of Things to Come, The',204,31),(746,'Endless Love',330,12),(747,'Ace of Hearts',40,41),(748,'Johnny Skidmarks',374,48),(749,'Hunk',364,90),(750,'Grind',203,80),(751,'Warrior and the Sorceress, The',83,92),(752,'Alter Egos',484,73),(753,'Rigoletto',460,21),(754,'The Last Station',492,95),(755,'In the Valley of Elah',346,45),(756,'Intruders',305,27),(757,'Blood Beach',436,88),(758,'Father, The (Pedar)',215,68),(759,'Wings of Eagles, The',474,100),(760,'Gimme Shelter',129,45),(761,'Envy (Kiskanmak)',17,88),(762,'40 Pounds of Trouble',20,6),(763,'Different from You and Me (Anders als du und ',231,83),(764,'Red Scorpion',207,99),(765,'Man, The',118,23),(766,'Sword and the Sorcerer, The',117,41),(767,'Metropia',10,25),(768,'Deceived',495,76),(769,'Caligula',255,68),(770,'Pursuit of Happyness, The',241,50),(771,'13/13/13',181,73),(772,'My Sucky Teen Romance',443,42),(773,'RoboCop',352,69),(774,'Night Terrors',409,93),(775,'Stephanie Daley',282,21),(776,'Italian Straw Hat, The (Un chapeau de paille ',156,58),(777,'Barabbas',414,53),(778,'Dead Man\'s Letters (Pisma myortvogo cheloveka',17,60),(779,'Brides of Dracula',360,7),(780,'Dirty Pictures',153,99),(781,'Savages',127,44),(782,'Party Girl',1,96),(783,'Fever Pitch',443,69),(784,'Man Who Loved Cat Dancing, The',415,87),(785,'Human Planet',413,23),(786,'Detective Story',359,12),(787,'Sorry, Wrong Number',55,47),(788,'Coward, The (Kapurush)',288,76),(789,'Caveman',372,39),(790,'Mystics in Bali (Leák)',398,88),(791,'Anastasia',68,40),(792,'Dirty Ho (Lan tou He)',453,52),(793,'Ambush Trail',69,44),(794,'Reign Over Me',71,60),(795,'Pilgrimage',286,53),(796,'Orchestra Rehearsal (Prova d\'orchestra)',158,32),(797,'Dexter the Dragon & Bumble the Bear (a.k.a. D',339,9),(798,'Berta\'s Motives (Los motivos de Berta: Fantas',91,47),(799,'This Is England',366,40),(800,'7 Days in Havana',90,12),(801,'Gorgeous (Boh lee chun)',323,36),(802,'Setup (Set Up)',208,96),(803,'If I Stay',183,100),(804,'Joe Kidd',11,30),(805,'Bright Lights',378,53),(806,'Harvest Month, The (Elokuu)',321,60),(807,'Time in the Minors',79,92),(808,'First Deadly Sin, The',92,85),(809,'Holiday (Jour de fête)',281,61),(810,'The Other Side of the Mountain',403,38),(811,'Backtrack (Catchfire)',70,54),(812,'Bad Girl',458,93),(813,'Amazing Grace and Chuck',172,99),(814,'Story of Seabiscuit, The',462,17),(815,'Strawberry Statement, The',282,14),(816,'Cop Out',62,23),(817,'London After Midnight',329,92),(818,'Casting By',52,22),(819,'Stolen Seas',469,71),(820,'Giant',5,54),(821,'Kids in the Hall: Same Guys, New Dresses',217,82),(822,'There\'s No Business Like Show Business',427,96),(823,'Crazy/Beautiful',277,80),(824,'First Man Into Space',333,69),(825,'In Fear',327,14),(826,'Hope Springs',422,86),(827,'Rollerball',192,15),(828,'August: Osage County',419,7),(829,'Thin Blue Lie, The',444,89),(830,'How to Kill Your Neighbor\'s Dog',462,65),(831,'Study in Scarlet, A',401,31),(832,'Sister Act 2: Back in the Habit',222,88),(833,'Zebraman',152,29),(834,'Internet\'s Own Boy: The Story of Aaron Swartz',118,60),(835,'I Love You, Man',206,22),(836,'Real Life',460,10),(837,'Polytechnique',217,39),(838,'Rookie, The',383,61),(839,'Strike! (a.k.a. All I Wanna Do, The Hairy Bir',229,96),(840,'Golden Child, The',380,57),(841,'Best Worst Movie',206,91),(842,'Beaches of Agnes, The (Plages d\'Agnès, Les)',435,55),(843,'Major League II',475,100),(844,'We and the I, The',500,26),(845,'Music Room, The (Jalsaghar)',182,44),(846,'Were the World Mine',42,56),(847,'Caterina in the Big City (Caterina va in citt',195,55),(848,'Lord, Save Us from Your Followers',48,25),(849,'Red State',475,81),(850,'Princess and the Warrior, The (Krieger und di',478,28),(851,'Hamlet Goes Business (Hamlet liikemaailmassa)',306,53),(852,'Abandoned, The',129,68),(853,'Hardcore',385,60),(854,'Then She Found Me',465,76),(855,'Imaginarium of Doctor Parnassus, The',37,77),(856,'All Night Long',271,23),(857,'Baby of Mâcon, The (a.k.a. The Baby of Macon)',471,38),(858,'Innocent Sleep, The',57,99),(859,'Terminal USA',214,4),(860,'Scarecrow, The',372,92),(861,'Last Train from Gun Hill',323,22),(862,'Lucky Them',29,90),(863,'Big Hit, The',267,88),(864,'Happy Here and Now',240,30),(865,'Santa Claus Conquers the Martians',394,58),(866,'Charley Varrick',468,24),(867,'American Boy: A Profile of: Steven Prince',108,46),(868,'Last House on the Left, The',346,63),(869,'Transamerica',66,97),(870,'This Is the End',298,29),(871,'Complicit',405,100),(872,'Visitor Q (Bizita Q)',189,21),(873,'Blue Lagoon, The',201,56),(874,'Ewoks: The Battle for Endor',83,41),(875,'I Am David',404,87),(876,'Monty Python\'s The Meaning of Life',430,82),(877,'Sam\'s Song',144,88),(878,'Dragon Ball Z: Wrath of the Dragon (Doragon b',52,46),(879,'War of the Buttons',373,80),(880,'Ginger & Rosa',375,17),(881,'Delicate Balance, A',48,88),(882,'Angel',456,23),(883,'La cravate',377,66),(884,'Arthur 2: On the Rocks',243,90),(885,'Trials of Muhammad Ali, The',359,41),(886,'Candles on Bay Street ',128,96),(887,'Hot Fuzz',412,52),(888,'Moebius',326,64),(889,'Next Stop, Greenwich Village',335,24),(890,'Barnyard: The Original Party Animals',224,86),(891,'Supercop (Police Story 3: Supercop) (Jing cha',406,15),(892,'Dark Tide',232,29),(893,'Head Over Heels',169,12),(894,'In Good Company',11,63),(895,'Carry on Cruising',84,96),(896,'Blondie Knows Best',231,93),(897,'Modern Boy (Modeon boi)',155,35),(898,'Warrior\'s Way, The',90,16),(899,'Fun on a Weekend',400,9),(900,'Just an American Boy',343,20),(901,'Olympia Part Two: Festival of Beauty (Olympia',419,70),(902,'Public Housing',331,3),(903,'Jesse Stone: No Remorse',129,78),(904,'Fanny',316,8),(905,'Burning Bed, The',324,82),(906,'Paranoid Park',209,15),(907,'Captain Video: Master of the Stratosphere',60,79),(908,'Under the Volcano',489,89),(909,'Arrested Development Documentary Project, The',412,57),(910,'Orphans of the Storm',121,23),(911,'Defense of the Realm',471,57),(912,'Escape Me Never',300,72),(913,'Almost Heroes',252,59),(914,'Last Wedding, The (Kivenpyörittäjän kylä)',406,49),(915,'Oh, Susanna!',168,83),(916,'Dancing Outlaw II: Jesco Goes to Hollywood',373,2),(917,'Freebie and the Bean',173,30),(918,'Brother from Another Planet, The',323,19),(919,'Purple Violets',337,70),(920,'Earth Days',172,73),(921,'Woyzeck',199,26),(922,'Cirque du Soleil: Dralion',60,24),(923,'The Wrecking Crew',212,14),(924,'Headless Woman, The (Mujer sin cabeza, La)',275,46),(925,'Millie',169,76),(926,'For My Father (Sof Shavua B\'Tel Aviv)',175,76),(927,'The Care Bears Adventure in Wonderland',380,28),(928,'Friends of God: A Road Trip with Alexandra Pe',232,60),(929,'Appleseed Alpha',365,35),(930,'Saving Mr. Banks',5,18),(931,'Comet',326,81),(932,'Disco Pigs',114,17),(933,'Restless (Levottomat)',312,36),(934,'Baran',131,41),(935,'Noise',202,61),(936,'Into the Blue',199,40),(937,'Utamaro and His Five Women (Utamaro o meguru ',429,18),(938,'Wonderful Ice Cream Suit, The',470,56),(939,'Yella',414,33),(940,'Carnival in Flanders (La kermesse héroïque)',93,45),(941,'Man from Down Under, The',221,35),(942,'Scarface',13,14),(943,'Martin Lawrence: You So Crazy',205,27),(944,'If You Are the One',194,82),(945,'Black Snake Moan',440,75),(946,'Noises Off...',330,13),(947,'Jefferson in Paris',73,54),(948,'Aileen Wuornos: The Selling of a Serial Kille',282,28),(949,'Jumping the Broom',425,97),(950,'M*A*S*H (a.k.a. MASH)',256,83),(951,'Theremin: An Electronic Odyssey',124,18),(952,'Ollie Hopnoodle\'s Haven of Bliss',78,68),(953,'Bad Timing: A Sensual Obsession',462,64),(954,'Summer in Berlin (Sommer vorm Balkon)',19,50),(955,'Beyond a Reasonable Doubt',408,10),(956,'Yours, Mine and Ours',81,40),(957,'Thief Who Came to Dinner, The',295,89),(958,'13/13/13',480,61),(959,'My Wrongs 8245-8249 and 117',125,61),(960,'Lucky Luke: The Ballad of the Daltons',307,83),(961,'Fall Time',201,95),(962,'In the Realm of the Senses (Ai no corrida)',412,1),(963,'Louis Cyr: The Strongest Man in the World',20,80),(964,'Apartment 1303 3D',37,82),(965,'Loves of a Blonde (Lásky jedné plavovlásky)',221,20),(966,'World Trade Center',290,62),(967,'San Francisco',106,82),(968,'Muscle Shoals',16,47),(969,'I Confess',362,77),(970,'Getaway',373,100),(971,'Pajama Party',159,45),(972,'Mighty, The',110,42),(973,'Fuck Up',318,39),(974,'It Felt Like a Kiss',412,61),(975,'Girl in the Red Velvet Swing, The',171,40),(976,'Private Romeo',323,3),(977,'Star Witness, The',322,73),(978,'Regeneration',319,10),(979,'Freeheld',453,50),(980,'Blind Side, The',134,45),(981,'Hail the Conquering Hero',448,61),(982,'Man from Snowy River, The',419,94),(983,'Protocols of Zion',166,43),(984,'Bomb It',418,13),(985,'Fright Night',7,69),(986,'Mr. Skeffington',282,80),(987,'Kogel mogel',274,79),(988,'Split Second',113,94),(989,'Kings of Pastry (Les rois de la pâtisserie)',344,39),(990,'Videocracy (Videocracy - Basta apparire)',177,63),(991,'Je m\'appelle Elisabeth',225,12),(992,'Last Rites of Joe May, The',313,97),(993,'Ring of Bright Water',270,68),(994,'Bertie and Elizabeth',441,8),(995,'Fight for Your Right Revisited',275,23),(996,'House of Dracula',302,93),(997,'Mikey and Nicky',118,91),(998,'Darling',229,21),(999,'Quartier Mozart',395,28),(1000,'Haunted, The',165,25);
/*!40000 ALTER TABLE `tbl_book` ENABLE KEYS */;
UNLOCK TABLES;

--
-- Table structure for table `tbl_book_copies`
--

DROP TABLE IF EXISTS `tbl_book_copies`;
/*!40101 SET @saved_cs_client     = @@character_set_client */;
/*!40101 SET character_set_client = utf8 */;
CREATE TABLE `tbl_book_copies` (
  `bookId` int(11) NOT NULL,
  `branchId` int(11) NOT NULL,
  `noOfCopies` int(11) DEFAULT NULL,
  PRIMARY KEY (`bookId`,`branchId`),
  KEY `fk_bc_book` (`bookId`),
  KEY `fk_bc_branch` (`branchId`),
  CONSTRAINT `fk_bc_book` FOREIGN KEY (`bookId`) REFERENCES `tbl_book` (`bookId`) ON DELETE CASCADE ON UPDATE CASCADE,
  CONSTRAINT `fk_bc_branch` FOREIGN KEY (`branchId`) REFERENCES `tbl_library_branch` (`branchId`) ON DELETE CASCADE ON UPDATE CASCADE
) ENGINE=InnoDB DEFAULT CHARSET=latin1;
/*!40101 SET character_set_client = @saved_cs_client */;

--
-- Dumping data for table `tbl_book_copies`
--

LOCK TABLES `tbl_book_copies` WRITE;
/*!40000 ALTER TABLE `tbl_book_copies` DISABLE KEYS */;
INSERT INTO `tbl_book_copies` VALUES (1,4,100),(2,23,46),(3,28,35),(4,30,65),(5,47,40),(6,16,3),(7,48,83),(8,38,33),(9,19,69),(10,49,51),(11,4,30),(12,14,51),(13,15,85),(14,14,20),(15,45,12),(16,24,88),(17,5,84),(18,33,56),(19,22,93),(20,37,87),(21,5,91),(22,42,83),(23,16,53),(24,2,52),(25,33,84),(26,16,42),(27,45,36),(28,32,56),(29,34,54),(30,36,20),(31,17,43),(32,33,75),(33,6,82),(34,29,2),(35,42,7),(36,10,16),(37,46,93),(38,46,58),(39,25,16),(40,19,2),(41,33,72),(42,28,20),(43,19,31),(44,2,5),(45,31,34),(46,33,75),(47,14,43),(48,20,42),(49,3,17),(50,8,17),(51,20,47),(52,25,2),(53,19,86),(54,21,17),(55,7,62),(56,17,1),(57,20,55),(58,18,58),(59,30,4),(60,1,17),(61,41,82),(62,26,93),(63,12,90),(64,50,90),(65,29,24),(66,13,64),(67,38,12),(68,32,51),(69,45,93),(70,19,5),(71,23,15),(72,9,67),(73,43,45),(74,6,15),(75,12,51),(76,44,24),(77,49,38),(78,9,62),(79,42,68),(80,32,81),(81,19,53),(82,35,66),(83,3,4),(84,43,19),(85,23,43),(86,37,55),(87,32,26),(88,6,54),(89,32,46),(90,5,32),(91,12,29),(92,45,4),(93,11,12),(94,4,60),(95,7,38),(96,13,59),(97,41,90),(98,11,9),(99,37,43),(100,31,55),(101,30,47),(102,41,65),(103,18,14),(104,49,77),(105,38,75),(106,7,99),(107,32,30),(108,35,31),(109,3,44),(110,20,43),(111,5,84),(112,47,91),(113,40,39),(114,24,23),(115,22,80),(116,16,17),(117,11,90),(118,14,66),(119,22,74),(120,46,76),(121,29,52),(122,50,7),(123,27,5),(124,19,93),(125,28,70),(126,26,91),(127,33,94),(128,26,58),(129,33,28),(130,19,63),(131,14,41),(132,22,75),(133,42,35),(134,26,5),(135,46,28),(136,11,50),(137,15,11),(138,10,91),(139,41,21),(140,26,96),(141,25,95),(142,7,8),(143,47,56),(144,34,74),(145,26,80),(146,23,11),(147,11,43),(148,50,59),(149,7,85),(150,20,32),(151,11,68),(152,41,55),(153,2,38),(154,6,55),(155,24,11),(156,31,90),(157,3,81),(158,8,34),(159,30,80),(160,6,88),(161,33,3),(162,2,74),(163,41,2),(164,37,3),(165,50,67),(166,49,48),(167,42,94),(168,39,94),(169,42,81),(170,15,82),(171,37,95),(172,43,40),(173,38,81),(174,1,51),(175,19,44),(176,25,12),(177,46,14),(178,22,42),(179,41,62),(180,25,11),(181,45,43),(182,48,92),(183,48,37),(184,6,76),(185,5,80),(186,26,62),(187,31,49),(188,21,24),(189,6,23),(190,13,8),(191,26,81),(192,50,34),(193,49,64),(194,15,41),(195,8,51),(196,40,1),(197,31,91),(198,1,97),(199,39,25),(200,31,7),(201,15,8),(202,40,62),(203,26,53),(204,30,19),(205,8,48),(206,40,82),(207,1,45),(208,36,97),(209,5,73),(210,11,7),(211,45,63),(212,32,33),(213,9,41),(214,47,96),(215,27,18),(216,31,12),(217,14,45),(218,16,57),(219,46,46),(220,9,77),(221,15,90),(222,4,64),(223,37,83),(224,43,63),(225,6,57),(226,38,30),(227,23,52),(228,14,87),(229,15,15),(230,48,95),(231,10,41),(232,37,25),(233,5,9),(234,40,16),(235,44,30),(236,28,33),(237,42,6),(238,24,1),(239,13,55),(240,8,51),(241,5,93),(242,20,79),(243,31,21),(244,44,13),(245,17,65),(246,18,15),(247,2,98),(248,19,8),(249,31,35),(250,34,23),(251,29,29),(252,32,91),(253,1,2),(254,25,46),(255,28,35),(256,21,32),(257,29,13),(258,35,7),(259,30,73),(260,41,10),(261,36,55),(262,21,42),(263,43,89),(264,18,72),(265,22,11),(266,39,87),(267,3,40),(268,10,38),(269,7,37),(270,14,65),(271,45,18),(272,35,78),(273,3,58),(274,48,97),(275,21,18),(276,45,38),(277,32,20),(278,32,31),(279,39,2),(280,34,94),(281,34,19),(282,3,40),(283,21,90),(284,26,66),(285,39,97),(286,12,31),(287,7,91),(288,36,60),(289,39,91),(290,8,77),(291,10,76),(292,26,4),(293,6,26),(294,43,74),(295,18,98),(296,1,53),(297,42,37),(298,46,18),(299,37,92),(300,28,11),(301,13,27),(302,14,35),(303,28,78),(304,45,17),(305,25,55),(306,46,35),(307,23,49),(308,37,63),(309,19,51),(310,25,90),(311,50,99),(312,41,85),(313,7,76),(314,37,45),(315,41,60),(316,26,25),(317,45,97),(318,1,50),(319,11,62),(320,46,68),(321,11,58),(322,5,88),(323,23,98),(324,3,96),(325,43,65),(326,45,33),(327,27,13),(328,3,1),(329,43,41),(330,41,30),(331,43,93),(332,32,38),(333,44,52),(334,36,30),(335,34,63),(336,19,74),(337,44,88),(338,49,36),(339,4,85),(340,3,29),(341,5,43),(342,7,77),(343,7,46),(344,3,71),(345,28,11),(346,31,1),(347,27,32),(348,14,8),(349,37,38),(350,12,14),(351,19,30),(352,11,31),(353,41,19),(354,11,22),(355,48,92),(356,33,99),(357,36,77),(358,41,98),(359,10,41),(360,25,24),(361,47,23),(362,7,36),(363,30,45),(364,24,66),(365,19,29),(366,40,35),(367,1,29),(368,24,17),(369,13,50),(370,45,78),(371,6,32),(372,9,51),(373,46,72),(374,1,68),(375,38,28),(376,24,43),(377,2,3),(378,47,28),(379,45,35),(380,19,31),(381,44,87),(382,22,81),(383,24,76),(384,29,96),(385,9,82),(386,37,67),(387,44,5),(388,34,58),(389,25,87),(390,9,25),(391,26,63),(392,3,80),(393,3,98),(394,16,86),(395,3,2),(396,9,98),(397,45,5),(398,21,52),(399,29,21),(400,20,48),(401,19,48),(402,46,13),(403,24,100),(404,37,65),(405,21,63),(406,44,75),(407,48,64),(408,48,61),(409,6,65),(410,43,100),(411,30,70),(412,21,86),(413,7,74),(414,42,90),(415,34,95),(416,20,34),(417,26,94),(418,46,80),(419,49,34),(420,29,83),(421,50,39),(422,21,29),(423,20,75),(424,14,81),(425,7,46),(426,49,89),(427,5,40),(428,44,50),(429,44,52),(430,19,95),(431,50,45),(432,17,88),(433,10,13),(434,41,48),(435,43,8),(436,12,56),(437,43,39),(438,41,77),(439,36,74),(440,37,71),(441,28,24),(442,27,26),(443,23,49),(444,14,93),(445,5,37),(446,33,59),(447,41,88),(448,21,86),(449,40,82),(450,33,13),(451,42,48),(452,26,44),(453,9,93),(454,48,13),(455,9,31),(456,34,13),(457,26,67),(458,28,99),(459,33,39),(460,25,69),(461,25,65),(462,42,66),(463,34,100),(464,7,45),(465,32,56),(466,18,54),(467,43,29),(468,2,84),(469,35,11),(470,9,36),(471,50,40),(472,49,24),(473,39,78),(474,20,19),(475,31,73),(476,32,54),(477,18,36),(478,40,36),(479,9,57),(480,28,71),(481,13,96),(482,8,12),(483,40,99),(484,11,58),(485,17,29),(486,18,100),(487,36,28),(488,20,46),(489,16,70),(490,20,36),(491,35,90),(492,1,82),(493,43,69),(494,24,81),(495,46,3),(496,17,85),(497,43,79),(498,26,95),(499,3,16),(500,45,18),(501,43,87),(502,1,18),(503,46,92),(504,24,70),(505,39,24),(506,27,73),(507,19,26),(508,20,1),(509,17,81),(510,3,76),(511,35,73),(512,33,87),(513,39,75),(514,34,91),(515,44,29),(516,31,74),(517,2,18),(518,10,17),(519,49,31),(520,22,92),(521,35,16),(522,27,75),(523,16,52),(524,25,46),(525,16,93),(526,21,36),(527,16,69),(528,37,53),(529,33,60),(530,30,88),(531,5,49),(532,22,69),(533,48,48),(534,45,94),(535,34,80),(536,47,87),(537,9,16),(538,49,91),(539,9,26),(540,10,6),(541,6,78),(542,7,77),(543,24,21),(544,19,43),(545,17,78),(546,25,69),(547,24,25),(548,50,66),(549,18,53),(550,36,83),(551,24,45),(552,19,47),(553,49,69),(554,11,98),(555,14,6),(556,42,16),(557,20,18),(558,36,92),(559,7,71),(560,10,86),(561,8,31),(562,2,6),(563,6,86),(564,2,76),(565,9,57),(566,19,22),(567,39,51),(568,37,52),(569,36,95),(570,48,55),(571,41,87),(572,13,40),(573,40,94),(574,18,15),(575,43,10),(576,37,26),(577,14,43),(578,30,45),(579,48,38),(580,50,16),(581,29,91),(582,32,20),(583,46,42),(584,5,65),(585,13,90),(586,15,77),(587,27,57),(588,11,78),(589,7,71),(590,13,43),(591,23,10),(592,19,20),(593,2,78),(594,41,19),(595,34,41),(596,44,40),(597,41,70),(598,33,55),(599,23,76),(600,32,52),(601,36,93),(602,11,95),(603,35,41),(604,7,34),(605,12,7),(606,19,64),(607,33,25),(608,28,94),(609,46,95),(610,1,18),(611,7,85),(612,22,72),(613,45,80),(614,46,12),(615,4,97),(616,19,25),(617,16,78),(618,7,4),(619,44,19),(620,29,76),(621,14,35),(622,35,22),(623,33,53),(624,46,38),(625,35,8),(626,40,29),(627,16,3),(628,19,10),(629,20,83),(630,23,15),(631,44,31),(632,7,85),(633,47,68),(634,42,74),(635,33,9),(636,43,38),(637,2,48),(638,42,11),(639,3,6),(640,46,83),(641,24,47),(642,45,12),(643,6,96),(644,22,76),(645,38,62),(646,33,44),(647,21,90),(648,43,36),(649,25,85),(650,15,15),(651,50,34),(652,2,70),(653,29,41),(654,36,15),(655,12,40),(656,42,46),(657,23,89),(658,20,27),(659,18,77),(660,25,99),(661,8,33),(662,34,57),(663,15,96),(664,47,22),(665,40,48),(666,27,70),(667,42,97),(668,22,81),(669,19,11),(670,5,24),(671,47,80),(672,35,66),(673,10,33),(674,40,35),(675,6,27),(676,50,43),(677,26,27),(678,36,51),(679,2,85),(680,37,75),(681,42,22),(682,32,39),(683,3,37),(684,26,27),(685,31,38),(686,11,74),(687,26,42),(688,49,61),(689,13,3),(690,50,66),(691,16,44),(692,29,28),(693,28,61),(694,28,11),(695,26,74),(696,43,80),(697,43,10),(698,15,87),(699,43,63),(700,26,3),(701,29,74),(702,18,65),(703,17,74),(704,3,32),(705,31,27),(706,49,26),(707,38,99),(708,6,99),(709,38,17),(710,12,76),(711,9,55),(712,30,41),(713,17,71),(714,5,41),(715,36,65),(716,16,93),(717,44,94),(718,8,94),(719,24,56),(720,7,70),(721,46,1),(722,46,7),(723,32,56),(724,12,81),(725,49,6),(726,30,76),(727,12,21),(728,22,84),(729,50,40),(730,15,48),(731,30,29),(732,22,39),(733,46,78),(734,33,16),(735,40,18),(736,13,11),(737,46,8),(738,12,45),(739,3,41),(740,4,57),(741,10,55),(742,21,27),(743,18,47),(744,42,1),(745,13,10),(746,34,56),(747,29,62),(748,9,1),(749,36,28),(750,10,49),(751,42,39),(752,20,10),(753,48,83),(754,8,64),(755,40,43),(756,20,100),(757,48,22),(758,27,92),(759,48,94),(760,7,12),(761,19,84),(762,13,52),(763,42,54),(764,16,11),(765,25,24),(766,1,29),(767,23,14),(768,39,48),(769,22,10),(770,12,28),(771,4,7),(772,18,34),(773,31,45),(774,16,69),(775,15,75),(776,12,33),(777,30,44),(778,35,11),(779,1,96),(780,14,98),(781,42,31),(782,9,76),(783,43,14),(784,35,11),(785,11,34),(786,14,64),(787,27,23),(788,8,49),(789,32,40),(790,33,60),(791,47,73),(792,23,82),(793,24,81),(794,43,84),(795,12,10),(796,15,30),(797,33,43),(798,12,68),(799,22,62),(800,37,20),(801,15,94),(802,18,75),(803,2,88),(804,1,76),(805,10,21),(806,10,93),(807,37,19),(808,31,15),(809,28,49),(810,42,80),(811,26,1),(812,28,17),(813,1,35),(814,30,96),(815,26,74),(816,20,43),(817,30,89),(818,11,94),(819,50,5),(820,16,64),(821,44,30),(822,30,35),(823,7,65),(824,49,25),(825,48,72),(826,20,44),(827,29,15),(828,4,19),(829,33,26),(830,10,92),(831,1,45),(832,43,41),(833,19,21),(834,16,75),(835,1,9),(836,29,31),(837,21,70),(838,20,72),(839,25,15),(840,4,33),(841,15,35),(842,23,82),(843,12,9),(844,18,60),(845,34,46),(846,14,38),(847,49,49),(848,6,68),(849,35,44),(850,28,81),(851,34,57),(852,45,37),(853,33,87),(854,28,44),(855,40,9),(856,44,82),(857,14,31),(858,30,82),(859,15,75),(860,23,27),(861,15,31),(862,41,1),(863,38,40),(864,10,44),(865,6,31),(866,40,32),(867,22,40),(868,10,61),(869,17,7),(870,33,48),(871,22,77),(872,40,29),(873,31,50),(874,40,18),(875,3,74),(876,30,88),(877,17,44),(878,30,53),(879,8,76),(880,22,100),(881,24,54),(882,22,11),(883,4,5),(884,3,16),(885,24,76),(886,14,71),(887,43,53),(888,48,36),(889,8,32),(890,26,27),(891,32,79),(892,29,55),(893,31,98),(894,9,92),(895,37,37),(896,11,86),(897,5,8),(898,30,67),(899,39,4),(900,30,65),(901,43,62),(902,10,83),(903,25,27),(904,17,81),(905,23,6),(906,46,2),(907,11,59),(908,12,8),(909,4,32),(910,39,70),(911,37,57),(912,20,13),(913,48,57),(914,8,38),(915,43,35),(916,6,59),(917,2,31),(918,20,6),(919,49,35),(920,29,60),(921,23,79),(922,34,47),(923,8,4),(924,15,94),(925,42,81),(926,17,81),(927,44,99),(928,3,56),(929,26,93),(930,50,93),(931,48,88),(932,44,66),(933,11,14),(934,12,28),(935,9,55),(936,31,27),(937,4,1),(938,11,20),(939,19,22),(940,28,16),(941,40,100),(942,44,12),(943,34,14),(944,48,34),(945,11,73),(946,45,37),(947,2,76),(948,43,55),(949,29,44),(950,35,17),(951,9,90),(952,38,71),(953,39,71),(954,4,62),(955,40,33),(956,28,58),(957,26,58),(958,2,33),(959,14,7),(960,40,52),(961,43,44),(962,13,95),(963,47,60),(964,13,79),(965,5,11),(966,23,1),(967,29,91),(968,30,10),(969,32,67),(970,25,63),(971,9,32),(972,32,78),(973,25,60),(974,8,28),(975,27,23),(976,36,88),(977,42,14),(978,45,47),(979,14,73),(980,45,50),(981,12,37),(982,30,53),(983,13,44),(984,48,14),(985,48,64),(986,6,83),(987,39,83),(988,49,27),(989,10,97),(990,34,62),(991,39,35),(992,43,26),(993,23,6),(994,22,47),(995,4,26),(996,9,22),(997,32,77),(998,18,11),(999,11,19),(1000,17,53);
/*!40000 ALTER TABLE `tbl_book_copies` ENABLE KEYS */;
UNLOCK TABLES;

--
-- Table structure for table `tbl_book_loans`
--

DROP TABLE IF EXISTS `tbl_book_loans`;
/*!40101 SET @saved_cs_client     = @@character_set_client */;
/*!40101 SET character_set_client = utf8 */;
CREATE TABLE `tbl_book_loans` (
  `bookId` int(11) NOT NULL,
  `branchId` int(11) NOT NULL,
  `cardNo` int(11) NOT NULL,
  `dateOut` datetime DEFAULT NULL,
  `dueDate` datetime DEFAULT NULL,
  PRIMARY KEY (`bookId`,`branchId`,`cardNo`),
  KEY `fk_bl_book` (`bookId`),
  KEY `fk_bl_branch` (`branchId`),
  KEY `fk_bl_borrower` (`cardNo`),
  CONSTRAINT `fk_bl_book` FOREIGN KEY (`bookId`) REFERENCES `tbl_book` (`bookId`) ON DELETE CASCADE ON UPDATE CASCADE,
  CONSTRAINT `fk_bl_borrower` FOREIGN KEY (`cardNo`) REFERENCES `tbl_borrower` (`cardNo`) ON DELETE CASCADE ON UPDATE CASCADE,
  CONSTRAINT `fk_bl_branch` FOREIGN KEY (`branchId`) REFERENCES `tbl_library_branch` (`branchId`) ON DELETE CASCADE ON UPDATE CASCADE
) ENGINE=InnoDB DEFAULT CHARSET=latin1;
/*!40101 SET character_set_client = @saved_cs_client */;

--
-- Dumping data for table `tbl_book_loans`
--

LOCK TABLES `tbl_book_loans` WRITE;
/*!40000 ALTER TABLE `tbl_book_loans` DISABLE KEYS */;
INSERT INTO `tbl_book_loans` VALUES (1,10,187,'2018-01-21 03:33:40','2018-09-12 00:14:50'),(2,1,485,'2018-03-02 10:06:59','2018-04-08 17:39:24'),(3,5,171,'2018-06-09 03:16:39','2018-03-28 22:30:28'),(4,37,270,'2018-03-19 18:59:42','2018-10-09 16:56:19'),(5,28,397,'2018-06-25 09:35:20','2018-05-22 13:02:18'),(6,44,48,'2018-03-15 12:03:07','2018-08-21 01:32:46'),(7,50,393,'2018-01-13 09:34:54','2018-06-04 18:04:49'),(8,1,373,'2018-02-06 20:46:59','2018-10-07 23:53:58'),(9,42,343,'2018-03-20 23:38:11','2018-04-17 09:18:52'),(10,11,291,'2018-01-02 21:03:57','2018-09-09 09:38:27'),(11,11,196,'2018-05-16 21:41:29','2018-11-24 02:26:11'),(12,26,85,'2018-06-22 22:47:04','2018-06-19 15:11:16'),(13,33,247,'2018-05-05 22:22:17','2018-01-20 02:07:00'),(14,13,194,'2018-05-27 14:23:27','2018-02-23 22:05:28'),(15,6,113,'2018-05-13 06:36:00','2018-01-02 18:45:53'),(16,32,87,'2018-05-05 16:09:16','2018-12-12 01:58:07'),(17,32,185,'2018-03-23 10:26:14','2018-02-08 22:42:50'),(18,1,422,'2018-04-16 15:07:08','2018-03-11 04:02:05'),(19,4,153,'2018-02-03 16:51:25','2018-06-26 21:48:25'),(20,30,325,'2018-04-29 18:36:31','2018-08-21 11:54:28'),(21,49,210,'2018-04-12 02:11:25','2018-08-11 14:48:53'),(22,18,445,'2018-04-10 12:54:36','2018-09-26 06:12:13'),(23,17,359,'2018-04-30 04:43:35','2018-12-19 20:30:22'),(24,23,416,'2018-07-10 07:49:57','2018-02-13 09:47:14'),(25,27,9,'2018-06-01 11:51:16','2018-12-21 19:22:37'),(26,35,63,'2018-05-27 20:14:23','2018-07-11 17:13:32'),(27,22,361,'2018-02-10 21:35:16','2018-07-30 10:38:19'),(28,50,202,'2018-07-25 18:54:14','2018-06-04 07:44:50'),(29,21,242,'2018-03-24 00:07:35','2018-05-17 02:55:00'),(30,38,316,'2018-07-09 04:32:24','2018-05-13 02:21:12'),(31,42,344,'2018-04-24 11:20:34','2018-06-05 14:30:27'),(32,21,67,'2018-03-17 16:43:11','2018-05-29 20:37:32'),(33,14,15,'2018-06-06 04:46:16','2018-10-24 03:13:16'),(34,29,308,'2018-03-16 15:40:25','2018-06-15 13:23:09'),(35,17,385,'2018-04-19 12:23:32','2018-11-26 22:03:38'),(36,8,214,'2018-06-13 16:38:26','2018-09-13 10:38:30'),(37,21,313,'2018-01-25 12:04:47','2018-04-08 12:10:36'),(38,37,359,'2018-06-25 14:31:23','2018-07-22 12:27:10'),(39,17,318,'2018-05-27 18:28:10','2018-03-13 12:55:52'),(40,26,250,'2018-05-25 14:15:27','2018-12-19 21:04:08'),(41,37,397,'2018-06-30 02:10:08','2018-11-17 16:46:46'),(42,50,411,'2018-01-09 10:09:43','2018-10-28 14:19:51'),(43,37,160,'2018-03-08 15:26:56','2018-11-16 02:09:30'),(44,13,94,'2018-01-27 06:57:44','2018-08-30 04:04:59'),(45,43,191,'2018-02-02 21:58:23','2018-10-18 18:04:01'),(46,35,329,'2018-06-02 08:51:05','2018-05-06 11:35:11'),(47,40,488,'2018-02-17 02:54:54','2018-09-12 10:10:34'),(48,2,398,'2018-05-07 20:15:07','2018-05-18 14:43:33'),(49,6,175,'2018-07-08 23:41:41','2018-10-08 21:41:20'),(50,32,292,'2018-05-23 02:54:37','2018-09-01 10:57:09'),(51,35,437,'2018-06-22 06:15:42','2018-06-26 07:51:25'),(52,25,107,'2018-01-26 00:44:29','2018-11-01 19:35:43'),(53,47,379,'2018-03-13 21:53:30','2018-10-21 05:04:38'),(54,35,166,'2018-05-25 22:04:52','2018-08-21 13:06:25'),(55,34,121,'2018-01-12 07:27:23','2018-03-02 19:04:10'),(56,16,488,'2018-03-19 07:28:09','2018-03-11 01:53:58'),(57,48,370,'2018-07-10 21:17:39','2018-09-14 20:26:52'),(58,46,35,'2018-07-23 05:58:24','2018-02-02 10:04:06'),(59,29,45,'2018-03-18 11:14:56','2018-11-17 10:24:01'),(60,18,446,'2018-01-22 07:48:36','2018-09-29 09:33:03'),(61,43,450,'2018-02-09 04:27:59','2018-07-16 03:01:12'),(62,21,337,'2018-06-05 13:49:01','2018-05-19 11:00:59'),(63,24,183,'2018-06-19 03:32:50','2018-07-22 01:25:22'),(64,6,84,'2018-07-22 21:14:07','2018-01-19 14:13:28'),(65,11,13,'2018-01-23 18:56:39','2018-10-29 04:33:37'),(66,45,488,'2018-02-18 06:27:16','2018-05-01 15:06:55'),(67,11,133,'2018-02-17 16:31:23','2018-06-21 05:17:42'),(68,50,313,'2018-03-24 15:37:00','2018-09-30 21:25:32'),(69,36,85,'2018-04-18 02:37:43','2018-11-12 05:18:13'),(70,25,162,'2018-06-18 14:35:18','2018-07-14 00:25:22'),(71,3,495,'2018-01-17 18:56:13','2018-04-08 21:31:16'),(72,12,14,'2018-05-23 17:17:05','2018-10-12 19:11:54'),(73,17,50,'2018-02-19 12:31:43','2018-06-03 04:56:56'),(74,34,344,'2018-07-06 17:25:49','2018-10-25 16:09:19'),(75,7,491,'2018-05-23 14:54:55','2018-07-04 21:49:58'),(76,4,399,'2018-05-12 20:27:54','2018-07-07 04:30:21'),(77,9,431,'2018-01-07 03:34:20','2018-10-11 00:51:56'),(78,20,320,'2018-07-13 21:04:01','2018-08-09 07:05:44'),(79,31,331,'2018-04-21 17:11:42','2018-02-10 08:31:20'),(80,1,181,'2018-01-17 01:16:20','2018-03-14 01:13:39'),(81,5,162,'2018-03-24 19:20:01','2018-01-23 01:58:45'),(82,8,470,'2018-04-17 02:09:53','2018-03-10 19:19:53'),(83,41,428,'2018-03-18 23:55:41','2018-11-09 16:56:16'),(84,28,387,'2018-02-13 09:30:25','2018-07-21 15:27:13'),(85,45,39,'2018-01-08 22:13:46','2018-01-21 10:09:19'),(86,46,190,'2018-04-20 08:16:19','2018-09-19 17:39:33'),(87,14,296,'2018-02-18 00:11:41','2018-06-03 13:55:54'),(88,14,315,'2018-03-28 20:06:36','2018-07-17 02:38:25'),(89,9,440,'2018-02-05 02:28:38','2018-08-01 06:33:11'),(90,9,470,'2018-04-22 08:33:45','2018-05-04 00:10:00'),(91,50,121,'2018-06-14 20:14:06','2018-06-28 11:07:15'),(92,12,345,'2018-05-15 06:57:07','2018-09-28 00:05:13'),(93,2,20,'2018-03-03 10:11:26','2018-10-16 19:11:29'),(94,15,415,'2018-06-09 13:37:47','2018-03-19 07:33:32'),(95,17,438,'2018-04-29 00:44:04','2018-12-22 00:39:23'),(96,41,459,'2018-05-25 20:37:56','2018-01-24 01:04:10'),(97,7,91,'2018-04-24 09:57:30','2018-05-19 14:45:24'),(98,39,75,'2018-02-13 09:25:23','2018-01-28 18:47:01'),(99,12,61,'2018-06-14 05:59:15','2018-07-21 23:54:43'),(100,2,357,'2018-01-13 20:02:46','2018-12-02 17:17:08'),(101,32,132,'2018-04-21 17:10:57','2018-05-06 21:19:01'),(102,37,214,'2018-03-31 13:25:46','2018-09-17 08:43:41'),(103,30,203,'2018-07-12 14:39:40','2018-08-23 07:58:12'),(104,50,316,'2018-02-18 21:42:57','2018-12-03 09:19:02'),(105,1,416,'2018-03-03 02:33:59','2018-02-17 21:33:08'),(106,49,128,'2018-01-26 13:43:55','2018-02-17 02:56:32'),(107,4,496,'2018-02-06 10:27:32','2018-11-26 22:34:34'),(108,19,268,'2018-04-16 03:47:02','2018-05-02 22:11:06'),(109,25,192,'2018-06-25 02:31:22','2018-11-10 07:56:17'),(110,3,50,'2018-04-24 16:33:08','2018-06-25 12:07:39'),(111,15,194,'2018-04-29 19:23:39','2018-11-30 11:39:56'),(112,10,352,'2018-02-16 18:15:56','2018-01-20 21:43:16'),(113,6,104,'2018-07-12 11:47:40','2018-08-21 16:05:13'),(114,44,404,'2018-02-02 20:22:41','2018-12-03 18:12:27'),(115,10,259,'2018-07-05 13:28:24','2018-10-06 02:10:18'),(116,12,169,'2018-02-16 09:35:39','2018-08-01 04:34:53'),(117,40,486,'2018-01-03 18:25:40','2018-10-19 15:17:35'),(118,20,454,'2018-03-25 08:48:47','2018-09-27 09:29:04'),(119,20,404,'2018-04-25 18:22:11','2018-01-25 09:00:09'),(120,25,329,'2018-04-25 01:27:37','2018-07-14 09:36:56'),(121,48,115,'2018-06-07 19:07:44','2018-01-23 01:22:49'),(122,8,407,'2018-01-26 18:51:34','2018-05-17 01:37:24'),(123,4,484,'2018-02-09 14:14:55','2018-11-11 18:08:31'),(124,17,62,'2018-07-20 04:45:32','2018-07-16 13:30:41'),(125,26,472,'2018-04-23 20:00:57','2018-08-29 12:50:49'),(126,45,237,'2018-03-14 09:33:50','2018-03-21 11:44:11'),(127,43,152,'2018-01-24 05:12:20','2018-08-07 11:04:37'),(128,36,83,'2018-07-24 03:04:45','2018-10-07 14:46:09'),(129,8,340,'2018-05-21 14:48:50','2018-12-17 17:00:18'),(130,36,334,'2018-07-30 11:20:52','2018-10-20 05:23:10'),(131,38,84,'2018-02-03 04:37:35','2018-04-27 02:05:43'),(132,15,175,'2018-06-12 13:51:10','2018-10-29 06:25:13'),(133,26,32,'2018-06-04 04:05:15','2018-10-01 19:19:03'),(134,40,256,'2018-07-15 05:52:21','2018-06-30 06:28:21'),(135,22,69,'2018-05-25 22:52:49','2018-02-17 07:36:12'),(136,50,75,'2018-03-28 08:35:18','2018-02-17 14:59:54'),(137,4,499,'2018-06-13 14:30:36','2018-05-04 03:49:19'),(138,12,50,'2018-02-08 12:08:06','2018-07-28 07:07:51'),(139,26,392,'2018-03-19 10:47:58','2018-02-08 04:40:39'),(140,26,326,'2018-06-18 05:24:58','2018-10-20 07:33:23'),(141,8,14,'2018-03-18 17:53:59','2018-04-28 23:38:29'),(142,33,210,'2018-01-26 02:51:35','2018-06-12 21:58:49'),(143,37,138,'2018-06-21 23:44:05','2018-01-21 03:09:12'),(144,5,255,'2018-02-26 18:51:19','2018-05-07 13:53:26'),(145,16,227,'2018-04-29 12:20:38','2018-06-30 06:56:00'),(146,22,442,'2018-05-22 15:01:16','2018-09-24 17:14:52'),(147,12,471,'2018-02-02 17:01:29','2018-02-03 08:55:56'),(148,12,402,'2018-05-08 20:08:50','2018-08-16 11:07:51'),(149,40,146,'2018-05-20 19:35:52','2018-10-05 20:20:19'),(150,49,24,'2018-01-18 01:12:38','2018-03-26 07:13:25'),(151,22,455,'2018-07-07 01:14:31','2018-03-05 13:10:28'),(152,3,181,'2018-04-11 03:18:24','2018-04-01 15:01:00'),(153,50,367,'2018-04-28 15:32:19','2018-03-06 19:59:50'),(154,14,30,'2018-05-25 16:04:11','2018-12-28 16:59:20'),(155,31,280,'2018-03-13 10:11:41','2018-01-17 11:06:18'),(156,14,285,'2018-06-07 06:30:29','2018-08-31 07:47:38'),(157,29,36,'2018-04-03 07:45:08','2018-08-22 05:47:38'),(158,8,363,'2018-06-19 05:07:39','2018-01-27 18:47:24'),(159,32,376,'2018-01-30 18:03:23','2018-01-17 04:53:20'),(160,20,422,'2018-05-29 21:41:38','2018-04-10 06:57:44'),(161,18,488,'2018-01-18 02:20:17','2018-04-08 13:48:39'),(162,38,370,'2018-01-22 12:24:25','2018-04-22 16:16:34'),(163,34,351,'2018-07-08 01:46:27','2018-01-04 03:54:47'),(164,34,407,'2018-01-16 18:54:00','2018-07-09 02:45:21'),(165,22,116,'2018-01-22 06:49:31','2018-06-25 04:31:06'),(166,37,248,'2018-05-20 14:22:35','2018-09-22 15:00:01'),(167,39,106,'2018-07-22 11:10:11','2018-07-11 15:32:45'),(168,14,468,'2018-07-13 21:55:46','2018-03-19 06:39:27'),(169,43,199,'2018-06-14 11:13:44','2018-04-16 03:15:08'),(170,34,456,'2018-04-29 23:02:54','2018-01-19 13:40:35'),(171,44,272,'2018-07-07 09:11:58','2018-05-24 10:28:34'),(172,16,358,'2018-04-11 09:17:09','2018-06-06 18:14:31'),(173,30,46,'2018-06-25 00:23:49','2018-03-23 02:43:56'),(174,5,445,'2018-02-07 22:33:29','2018-12-29 08:33:10'),(175,11,228,'2018-06-08 07:29:38','2018-06-06 20:49:31'),(176,9,428,'2018-04-08 18:43:54','2018-11-28 03:42:31'),(177,25,3,'2018-01-02 19:37:55','2018-06-29 08:00:08'),(178,7,78,'2018-01-05 16:19:12','2018-11-18 15:48:23'),(179,2,400,'2018-06-17 15:12:06','2018-03-18 15:49:53'),(180,9,150,'2018-03-25 03:15:35','2018-07-01 08:50:24'),(181,41,239,'2018-06-02 11:13:27','2018-04-11 08:44:32'),(182,13,356,'2018-04-16 15:50:32','2018-10-16 17:05:08'),(183,41,63,'2018-05-10 09:36:28','2018-07-11 06:16:08'),(184,6,378,'2018-04-26 17:25:07','2018-03-13 03:25:31'),(185,24,438,'2018-05-01 00:24:04','2018-04-21 17:30:59'),(186,36,225,'2018-05-19 04:28:32','2018-12-28 10:15:07'),(187,6,88,'2018-07-21 15:45:39','2018-10-08 11:56:48'),(188,1,146,'2018-06-03 15:27:23','2018-09-04 06:07:27'),(189,50,216,'2018-05-10 02:15:18','2018-10-25 22:59:18'),(190,18,413,'2018-06-29 14:27:52','2018-05-05 12:18:25'),(191,17,24,'2018-05-08 13:10:16','2018-08-10 05:11:26'),(192,9,412,'2018-02-03 04:15:44','2018-06-17 18:40:59'),(193,50,347,'2018-06-23 09:23:11','2018-01-19 05:46:23'),(194,5,85,'2018-04-26 04:16:59','2018-08-13 23:15:05'),(195,12,114,'2018-03-24 00:04:11','2018-06-06 06:41:04'),(196,21,209,'2018-03-05 19:54:02','2018-04-11 13:27:43'),(197,17,33,'2018-02-01 18:49:50','2018-12-01 17:40:11'),(198,34,488,'2018-01-17 03:18:02','2018-02-07 04:09:27'),(199,27,332,'2018-07-17 08:08:34','2018-05-17 20:30:51'),(200,32,234,'2018-01-31 22:10:46','2018-10-19 13:10:17'),(201,33,311,'2018-05-10 17:49:27','2018-12-14 14:10:32'),(202,14,180,'2018-07-25 07:04:45','2018-01-02 18:01:27'),(203,27,421,'2018-04-04 05:44:13','2018-10-13 01:37:23'),(204,46,346,'2018-05-17 01:56:23','2018-03-03 14:52:13'),(205,24,82,'2018-04-19 18:53:35','2018-05-16 01:18:15'),(206,48,174,'2018-04-29 11:14:44','2018-07-14 22:29:42'),(207,3,427,'2018-04-21 07:11:11','2018-11-07 00:14:48'),(208,18,339,'2018-06-17 15:02:33','2018-02-23 03:29:00'),(209,15,444,'2018-07-25 23:18:14','2018-04-01 07:42:07'),(210,11,160,'2018-05-01 02:10:37','2018-03-20 10:27:02'),(211,45,202,'2018-04-06 23:37:27','2018-05-26 17:33:40'),(212,44,399,'2018-01-12 09:18:11','2018-12-08 02:24:34'),(213,39,144,'2018-04-23 18:10:35','2018-01-31 04:06:23'),(214,35,330,'2018-05-04 22:50:22','2018-11-29 10:26:00'),(215,48,232,'2018-04-09 20:56:41','2018-10-01 12:12:18'),(216,4,460,'2018-07-08 12:45:24','2018-09-17 13:35:51'),(217,5,407,'2018-05-09 19:40:29','2018-06-28 15:49:20'),(218,35,221,'2018-04-20 08:42:15','2018-06-21 11:10:34'),(219,22,467,'2018-01-12 20:37:24','2018-09-23 02:17:33'),(220,14,441,'2018-01-07 16:49:32','2018-09-14 17:13:13'),(221,9,490,'2018-06-03 18:25:03','2018-05-23 10:32:26'),(222,42,276,'2018-04-20 10:12:34','2018-11-22 07:14:48'),(223,19,411,'2018-04-25 00:53:55','2018-06-12 09:05:13'),(224,2,267,'2018-02-15 23:49:51','2018-08-04 11:51:35'),(225,9,125,'2018-03-03 11:57:57','2018-04-18 17:03:17'),(226,16,216,'2018-07-11 08:50:01','2018-11-12 11:43:10'),(227,5,332,'2018-03-26 01:48:44','2018-05-09 17:08:06'),(228,50,55,'2018-01-17 17:08:03','2018-06-01 08:32:52'),(229,49,269,'2018-06-20 17:39:01','2018-06-16 13:51:35'),(230,49,469,'2018-06-13 21:17:18','2018-04-07 02:32:49'),(231,16,225,'2018-03-18 11:23:32','2018-07-23 12:04:35'),(232,10,460,'2018-03-22 20:19:44','2018-06-23 07:43:47'),(233,9,129,'2018-05-24 11:35:09','2018-03-08 08:37:21'),(234,5,367,'2018-02-12 00:16:32','2018-10-24 04:02:58'),(235,18,374,'2018-07-09 08:21:46','2018-02-03 03:23:01'),(236,21,60,'2018-05-10 12:10:27','2018-11-27 22:36:09'),(237,29,259,'2018-04-15 21:54:27','2018-05-14 19:39:46'),(238,26,382,'2018-04-22 20:10:27','2018-05-30 14:57:02'),(239,30,125,'2018-02-08 12:13:03','2018-11-06 22:43:06'),(240,28,472,'2018-02-08 12:47:44','2018-11-16 18:02:28'),(241,43,499,'2018-03-05 22:25:31','2018-02-12 06:03:37'),(242,28,439,'2018-03-07 03:01:51','2018-11-10 07:56:49'),(243,14,193,'2018-03-11 04:04:43','2018-04-17 01:47:32'),(244,49,120,'2018-06-30 22:38:06','2018-07-11 05:36:18'),(245,1,496,'2018-01-17 17:21:56','2018-11-07 14:53:23'),(246,34,212,'2018-01-31 10:46:16','2018-05-13 02:07:02'),(247,10,172,'2018-02-25 21:50:10','2018-10-06 09:33:49'),(248,36,475,'2018-04-29 23:49:12','2018-05-25 10:43:19'),(249,10,307,'2018-02-10 06:11:53','2018-02-05 16:38:29'),(250,48,371,'2018-01-18 11:28:53','2018-07-12 08:36:52'),(251,40,46,'2018-05-12 23:46:49','2018-06-30 17:07:47'),(252,20,315,'2018-05-27 11:14:41','2018-07-27 12:38:58'),(253,11,181,'2018-06-17 14:05:21','2018-08-14 01:42:20'),(254,24,411,'2018-05-09 22:06:50','2018-04-28 18:10:40'),(255,42,320,'2018-06-25 14:47:13','2018-05-26 01:27:09'),(256,5,487,'2018-05-11 05:30:49','2018-03-08 12:25:47'),(257,10,28,'2018-06-16 10:57:46','2018-05-03 08:46:31'),(258,32,409,'2018-04-18 09:38:51','2018-03-19 17:00:41'),(259,3,221,'2018-01-03 11:37:28','2018-10-07 03:59:11'),(260,46,323,'2018-06-03 09:33:12','2018-08-18 08:05:40'),(261,17,182,'2018-05-15 11:19:17','2018-05-01 03:29:54'),(262,38,190,'2018-06-10 19:52:09','2018-12-15 05:37:24'),(263,8,443,'2018-05-21 00:02:56','2018-11-15 11:50:38'),(264,10,53,'2018-04-01 15:53:47','2018-01-29 12:31:52'),(265,33,384,'2018-01-03 04:54:55','2018-06-14 05:53:36'),(266,5,458,'2018-02-18 18:29:14','2018-11-19 08:33:46'),(267,25,76,'2018-05-23 07:27:02','2018-05-18 19:56:22'),(268,27,292,'2018-05-15 09:59:09','2018-09-29 17:27:30'),(269,2,13,'2018-06-06 01:46:35','2018-08-26 05:19:38'),(270,30,455,'2018-05-17 15:29:01','2018-10-16 04:11:32'),(271,42,469,'2018-01-11 02:26:23','2018-02-17 04:02:17'),(272,23,158,'2018-01-21 15:24:38','2018-10-28 07:23:35'),(273,35,493,'2018-06-15 08:17:49','2018-02-06 17:08:49'),(274,47,173,'2018-04-11 09:28:33','2018-05-02 03:36:00'),(275,3,495,'2018-06-21 07:24:46','2018-01-04 16:01:08'),(276,35,104,'2018-04-06 11:29:27','2018-09-15 12:35:17'),(277,48,234,'2018-04-24 23:40:47','2018-07-10 15:04:42'),(278,27,324,'2018-07-29 07:33:31','2018-07-24 08:52:01'),(279,39,34,'2018-01-18 16:04:48','2018-02-21 02:27:43'),(280,28,342,'2018-06-01 17:41:38','2018-08-12 16:12:09'),(281,40,380,'2018-04-23 13:58:28','2018-11-16 01:50:20'),(282,16,115,'2018-05-15 16:49:28','2018-11-23 11:50:14'),(283,8,79,'2018-04-26 20:49:32','2018-08-25 19:14:25'),(284,34,71,'2018-02-21 19:58:52','2018-02-08 20:01:26'),(285,44,404,'2018-01-16 07:34:35','2018-02-13 06:58:07'),(286,14,237,'2018-02-24 21:48:21','2018-12-02 12:36:38'),(287,38,6,'2018-04-21 22:43:43','2018-11-21 16:26:44'),(288,34,139,'2018-04-12 14:48:17','2018-10-19 10:25:35'),(289,30,416,'2018-05-25 11:59:55','2018-11-20 15:00:57'),(290,30,368,'2018-02-01 18:44:41','2018-01-18 14:44:13'),(291,34,372,'2018-05-20 18:58:00','2018-05-08 17:06:21'),(292,30,173,'2018-05-26 07:05:36','2018-04-06 17:23:29'),(293,16,222,'2018-01-01 17:25:11','2018-12-04 07:51:13'),(294,29,487,'2018-03-10 00:14:51','2018-10-27 20:06:15'),(295,29,151,'2018-01-26 14:30:56','2018-09-21 00:27:44'),(296,49,110,'2018-01-20 16:23:50','2018-12-31 04:16:18'),(297,31,261,'2018-07-23 23:40:40','2018-12-09 23:09:58'),(298,19,306,'2018-02-25 06:16:14','2018-01-02 15:56:44'),(299,28,355,'2018-01-30 03:23:32','2018-09-04 14:23:28'),(300,44,42,'2018-05-27 23:15:07','2018-10-11 18:44:23'),(301,5,372,'2018-06-10 11:28:19','2018-11-22 11:08:02'),(302,10,367,'2018-06-02 17:08:45','2018-01-15 14:58:26'),(303,32,333,'2018-03-13 01:28:33','2018-09-13 20:53:03'),(304,13,386,'2018-07-14 15:25:15','2018-02-20 10:25:42'),(305,25,212,'2018-07-09 23:03:46','2018-04-19 13:20:41'),(306,16,204,'2018-01-04 11:40:24','2018-12-28 08:58:41'),(307,26,142,'2018-03-09 07:47:29','2018-05-31 11:21:18'),(308,40,86,'2018-05-09 21:47:05','2018-12-03 17:10:22'),(309,9,327,'2018-05-22 23:43:39','2018-02-25 21:40:13'),(310,27,35,'2018-07-03 03:41:41','2018-10-14 00:43:44'),(311,9,58,'2018-06-08 07:45:45','2018-02-18 15:16:49'),(312,1,90,'2018-04-13 14:14:16','2018-12-16 06:35:11'),(313,18,75,'2018-01-16 17:07:52','2018-04-10 01:23:19'),(314,28,430,'2018-05-13 16:26:42','2018-12-05 00:59:47'),(315,29,411,'2018-01-17 16:43:02','2018-07-13 10:31:20'),(316,8,363,'2018-05-11 20:36:02','2018-08-19 19:21:39'),(317,32,186,'2018-01-28 05:49:47','2018-08-01 04:50:04'),(318,45,280,'2018-02-22 06:33:09','2018-05-25 09:14:34'),(319,7,248,'2018-07-23 17:41:22','2018-04-10 21:00:35'),(320,12,14,'2018-05-02 16:24:59','2018-03-23 15:53:02'),(321,29,112,'2018-06-15 02:34:01','2018-12-31 10:10:18'),(322,37,177,'2018-02-03 04:44:36','2018-02-28 11:26:01'),(323,36,448,'2018-05-21 19:56:41','2018-06-27 12:52:48'),(324,29,408,'2018-03-15 22:12:12','2018-01-02 09:09:44'),(325,30,95,'2018-04-20 23:19:47','2018-08-21 19:22:54'),(326,25,403,'2018-04-28 08:07:46','2018-09-07 07:27:07'),(327,50,256,'2018-07-11 19:47:04','2018-05-29 19:48:33'),(328,27,14,'2018-06-10 16:45:47','2018-12-24 07:18:09'),(329,6,462,'2018-07-03 22:28:01','2018-04-11 15:12:36'),(330,2,234,'2018-02-18 23:54:29','2018-10-08 00:54:36'),(331,41,98,'2018-06-06 12:09:20','2018-08-21 20:13:03'),(332,25,304,'2018-02-09 09:49:50','2018-04-21 16:56:56'),(333,37,348,'2018-05-19 23:57:16','2018-02-05 13:36:01'),(334,4,317,'2018-06-29 00:05:07','2018-11-11 14:22:00'),(335,26,112,'2018-01-10 19:48:09','2018-12-23 16:15:00'),(336,11,388,'2018-06-29 01:25:04','2018-03-22 21:18:51'),(337,50,120,'2018-03-29 21:28:37','2018-02-02 17:11:54'),(338,9,51,'2018-03-29 22:40:44','2018-10-08 03:54:33'),(339,2,358,'2018-03-02 14:37:57','2018-12-25 15:19:19'),(340,40,39,'2018-01-14 20:01:28','2018-02-15 02:09:46'),(341,32,421,'2018-05-26 14:03:28','2018-09-25 03:11:29'),(342,25,77,'2018-06-24 23:18:36','2018-05-14 12:08:39'),(343,25,27,'2018-06-17 06:01:55','2018-06-24 19:17:00'),(344,5,275,'2018-05-14 03:31:25','2018-08-27 07:05:04'),(345,30,200,'2018-02-02 18:43:47','2018-03-07 12:45:17'),(346,5,362,'2018-01-28 23:37:21','2018-02-02 05:14:54'),(347,15,375,'2018-03-27 00:54:33','2018-12-06 21:14:32'),(348,11,149,'2018-02-17 09:10:40','2018-11-11 16:57:55'),(349,37,142,'2018-01-10 08:18:45','2018-08-09 09:00:46'),(350,15,138,'2018-04-30 05:50:15','2018-10-28 05:16:40'),(351,34,48,'2018-01-22 04:52:32','2018-09-20 16:56:21'),(352,37,359,'2018-06-06 09:24:15','2018-06-09 02:57:44'),(353,42,133,'2018-04-01 05:31:37','2018-06-20 06:37:13'),(354,40,252,'2018-07-15 09:36:24','2018-07-13 23:52:46'),(355,42,186,'2018-07-17 12:53:06','2018-11-30 09:04:47'),(356,17,98,'2018-03-31 05:15:38','2018-09-16 20:09:14'),(357,37,91,'2018-04-13 11:38:45','2018-03-08 11:15:09'),(358,5,356,'2018-01-25 19:17:26','2018-02-04 04:38:45'),(359,45,488,'2018-07-03 10:16:41','2018-01-31 16:03:17'),(360,36,261,'2018-05-22 19:49:53','2018-09-07 06:00:52'),(361,40,364,'2018-03-30 01:48:45','2018-10-07 13:41:18'),(362,16,19,'2018-03-03 18:11:45','2018-01-30 22:58:48'),(363,18,50,'2018-03-01 02:21:26','2018-11-29 08:04:12'),(364,18,127,'2018-07-11 20:39:16','2018-03-13 11:19:37'),(365,36,237,'2018-03-12 12:54:25','2018-09-21 12:11:46'),(366,12,187,'2018-05-16 23:34:11','2018-07-21 03:54:56'),(367,30,97,'2018-06-08 20:00:25','2018-09-02 12:17:55'),(368,11,479,'2018-05-12 08:32:45','2018-10-31 18:15:22'),(369,33,9,'2018-07-26 16:00:44','2018-02-27 14:21:15'),(370,26,212,'2018-07-13 22:40:33','2018-02-09 02:51:17'),(371,3,222,'2018-05-30 03:02:19','2018-01-30 03:06:32'),(372,36,255,'2018-04-16 10:58:26','2018-08-21 09:58:40'),(373,9,170,'2018-02-10 16:37:06','2018-01-08 07:38:53'),(374,14,309,'2018-03-24 00:23:32','2018-06-14 05:07:00'),(375,34,445,'2018-03-16 10:11:38','2018-02-25 16:35:51'),(376,6,362,'2018-04-14 18:09:19','2018-05-02 21:52:07'),(377,22,191,'2018-07-13 07:48:52','2018-07-08 00:31:03'),(378,15,442,'2018-07-03 07:15:22','2018-05-14 04:07:57'),(379,39,217,'2018-04-09 11:33:27','2018-01-01 01:59:48'),(380,11,24,'2018-01-24 18:12:56','2018-04-11 06:44:49'),(381,38,389,'2018-05-23 03:39:44','2018-12-17 16:28:29'),(382,36,25,'2018-07-22 03:56:19','2018-04-21 20:28:30'),(383,50,371,'2018-07-05 19:15:10','2018-01-23 17:31:14'),(384,45,59,'2018-04-21 18:16:26','2018-02-24 19:59:53'),(385,30,109,'2018-02-20 03:39:59','2018-05-15 04:20:12'),(386,28,413,'2018-03-16 09:40:17','2018-09-24 14:08:37'),(387,3,365,'2018-03-07 17:50:02','2018-06-17 17:02:52'),(388,13,499,'2018-07-10 09:47:09','2018-01-17 19:35:16'),(389,20,194,'2018-01-08 23:12:47','2018-06-08 07:12:17'),(390,20,139,'2018-06-20 20:51:17','2018-06-02 17:13:45'),(391,16,309,'2018-06-08 17:37:12','2018-04-12 22:56:20'),(392,45,406,'2018-04-17 02:58:16','2018-09-20 00:09:32'),(393,29,190,'2018-02-07 20:59:58','2018-02-01 03:01:37'),(394,5,191,'2018-02-05 21:38:11','2018-03-20 16:31:48'),(395,7,238,'2018-05-17 16:54:20','2018-06-08 06:27:56'),(396,27,439,'2018-07-01 05:12:36','2018-01-29 10:09:27'),(397,14,421,'2018-01-17 16:35:06','2018-06-11 02:32:08'),(398,16,301,'2018-04-07 15:21:11','2018-09-03 12:58:08'),(399,46,175,'2018-05-28 11:48:57','2018-03-26 04:27:41'),(400,25,450,'2018-01-08 21:01:00','2018-10-01 04:04:25'),(401,29,14,'2018-02-26 05:47:27','2018-12-12 00:16:14'),(402,19,416,'2018-07-02 10:24:48','2018-06-09 23:01:11'),(403,39,383,'2018-04-05 19:55:04','2018-08-16 10:28:26'),(404,40,464,'2018-07-07 12:29:41','2018-03-22 10:42:47'),(405,39,268,'2018-07-25 12:46:38','2018-08-26 20:49:20'),(406,22,5,'2018-07-01 12:00:36','2018-09-25 08:59:40'),(407,6,147,'2018-06-08 10:52:37','2018-04-25 06:01:49'),(408,11,112,'2018-03-23 20:34:46','2018-11-19 14:59:12'),(409,15,104,'2018-07-13 16:15:52','2018-01-10 21:51:13'),(410,4,371,'2018-02-08 08:10:44','2018-09-29 04:01:24'),(411,26,198,'2018-07-23 08:59:27','2018-12-19 02:33:57'),(412,9,43,'2018-06-04 23:18:43','2018-10-31 01:57:43'),(413,34,51,'2018-05-05 09:50:05','2018-12-21 22:49:30'),(414,30,401,'2018-06-01 14:00:04','2018-08-20 23:06:59'),(415,30,336,'2018-07-08 13:07:13','2018-02-14 22:29:39'),(416,21,257,'2018-05-23 18:44:50','2018-08-09 00:04:38'),(417,2,409,'2018-04-23 12:54:29','2018-02-22 07:14:58'),(418,30,229,'2018-05-10 01:47:16','2018-11-22 23:54:11'),(419,26,131,'2018-07-05 19:39:42','2018-02-21 22:30:03'),(420,47,113,'2018-01-15 02:54:36','2018-02-07 03:50:52'),(421,32,366,'2018-03-18 05:11:08','2018-06-28 10:10:45'),(422,26,372,'2018-06-28 02:25:43','2018-05-29 07:03:59'),(423,45,132,'2018-03-06 02:40:02','2018-09-26 16:48:04'),(424,9,224,'2018-01-21 22:45:18','2018-07-26 03:42:24'),(425,38,267,'2018-07-06 06:34:40','2018-11-23 12:44:12'),(426,13,396,'2018-06-26 03:57:41','2018-12-03 05:14:27'),(427,38,428,'2018-03-26 03:49:40','2018-08-08 07:21:20'),(428,26,352,'2018-01-12 03:28:44','2018-03-21 03:42:49'),(429,29,105,'2018-02-21 09:04:13','2018-10-10 22:37:57'),(430,46,354,'2018-03-29 09:44:18','2018-11-19 01:57:01'),(431,28,1,'2018-02-04 03:58:21','2018-08-23 03:34:29'),(432,26,343,'2018-07-09 17:47:29','2018-06-05 18:19:50'),(433,24,328,'2018-07-18 06:37:39','2018-03-04 23:22:45'),(434,30,7,'2018-03-09 18:38:58','2018-02-12 00:46:57'),(435,11,297,'2018-05-13 08:59:56','2018-02-06 02:41:00'),(436,37,407,'2018-05-07 03:40:25','2018-10-27 15:04:54'),(437,13,273,'2018-07-23 12:39:48','2018-03-13 09:05:10'),(438,6,45,'2018-03-22 02:47:18','2018-06-13 02:26:44'),(439,25,269,'2018-05-17 02:09:05','2018-02-02 06:31:34'),(440,21,240,'2018-02-24 07:34:53','2018-05-17 04:58:31'),(441,17,112,'2018-04-02 20:09:25','2018-12-21 03:18:33'),(442,19,97,'2018-06-11 16:22:08','2018-10-26 16:19:44'),(443,24,478,'2018-05-23 02:38:56','2018-12-14 06:22:54'),(444,1,391,'2018-01-29 06:19:46','2018-04-01 15:37:13'),(445,39,214,'2018-05-20 14:29:21','2018-10-05 07:16:02'),(446,17,467,'2018-02-06 07:17:52','2018-07-07 07:23:03'),(447,47,408,'2018-02-11 01:31:17','2018-06-25 03:43:50'),(448,47,208,'2018-04-29 04:24:00','2018-06-11 23:07:28'),(449,43,449,'2018-05-17 00:16:25','2018-06-26 06:23:42'),(450,40,461,'2018-01-21 15:12:08','2018-12-23 16:24:12'),(451,23,428,'2018-07-01 03:46:34','2018-09-27 11:15:20'),(452,39,208,'2018-05-29 11:07:11','2018-01-30 22:21:11'),(453,27,111,'2018-07-23 05:32:56','2018-01-10 16:38:02'),(454,18,122,'2018-02-08 16:05:57','2018-03-14 15:26:46'),(455,14,34,'2018-03-15 22:55:04','2018-10-14 11:29:12'),(456,27,230,'2018-03-05 20:22:44','2018-08-06 00:33:05'),(457,39,75,'2018-01-16 23:32:38','2018-08-04 21:33:57'),(458,1,60,'2018-01-18 23:55:04','2018-09-25 01:08:31'),(459,14,315,'2018-03-31 07:23:32','2018-12-17 04:04:39'),(460,33,450,'2018-07-18 23:36:51','2018-03-30 20:55:32'),(461,21,63,'2018-04-08 06:25:50','2018-10-23 23:18:15'),(462,9,126,'2018-05-24 20:43:13','2018-05-02 14:04:51'),(463,42,191,'2018-04-03 05:03:07','2018-11-06 18:50:27'),(464,28,352,'2018-06-24 10:36:18','2018-09-04 11:57:37'),(465,26,388,'2018-07-01 16:38:03','2018-08-13 15:14:02'),(466,20,403,'2018-05-01 11:35:05','2018-04-16 10:51:00'),(467,29,258,'2018-07-13 17:55:32','2018-03-11 07:32:57'),(468,37,113,'2018-07-04 03:39:15','2018-02-28 19:47:26'),(469,4,364,'2018-02-21 10:49:50','2018-08-08 10:23:37'),(470,35,301,'2018-04-14 12:53:45','2018-01-29 23:17:07'),(471,49,292,'2018-06-21 13:03:01','2018-10-12 23:47:31'),(472,11,111,'2018-05-14 09:30:11','2018-10-31 10:26:00'),(473,30,358,'2018-05-31 19:47:14','2018-06-29 07:23:34'),(474,1,379,'2018-01-02 01:03:09','2018-09-08 01:43:18'),(475,20,76,'2018-01-12 05:19:04','2018-02-02 22:05:17'),(476,38,315,'2018-02-03 07:39:17','2018-05-27 15:28:40'),(477,16,177,'2018-07-29 04:56:46','2018-09-05 21:02:07'),(478,39,367,'2018-04-19 17:21:39','2018-01-12 16:53:53'),(479,38,211,'2018-01-15 16:12:14','2018-09-10 10:55:06'),(480,4,235,'2018-06-19 21:10:29','2018-08-17 11:35:51'),(481,11,351,'2018-06-10 12:23:33','2018-08-30 22:48:11'),(482,24,362,'2018-01-04 02:30:55','2018-02-25 05:01:36'),(483,44,405,'2018-07-26 00:06:45','2018-03-30 17:45:10'),(484,19,347,'2018-07-17 13:05:55','2018-12-19 16:50:19'),(485,20,47,'2018-05-12 10:01:49','2018-01-13 05:54:18'),(486,27,335,'2018-01-25 07:14:05','2018-05-24 03:30:09'),(487,16,366,'2018-03-05 23:52:06','2018-08-15 17:32:08'),(488,17,500,'2018-07-02 14:14:13','2018-12-11 02:51:47'),(489,28,436,'2018-01-15 00:03:58','2018-12-18 14:06:26'),(490,39,293,'2018-05-10 01:17:42','2018-08-23 17:57:26'),(491,44,451,'2018-04-10 22:58:29','2018-12-30 04:55:07'),(492,10,485,'2018-01-12 03:20:20','2018-06-20 22:33:48'),(493,31,143,'2018-03-13 18:12:36','2018-01-12 08:52:17'),(494,44,440,'2018-07-15 01:49:26','2018-04-23 21:28:17'),(495,50,472,'2018-03-30 23:56:21','2018-10-24 18:33:03'),(496,25,80,'2018-02-23 08:04:17','2018-08-18 08:38:18'),(497,15,76,'2018-03-01 03:10:21','2018-01-02 16:01:45'),(498,26,135,'2018-02-12 12:10:02','2018-06-25 15:39:05'),(499,25,313,'2018-04-22 07:57:55','2018-10-22 02:18:59'),(500,18,66,'2018-02-11 09:47:14','2018-07-16 07:04:27'),(501,41,479,'2018-03-26 12:10:16','2018-02-22 04:25:52'),(502,19,125,'2018-07-30 17:59:45','2018-04-30 21:47:53'),(503,14,65,'2018-07-07 16:20:45','2018-07-25 19:03:03'),(504,31,356,'2018-07-17 05:24:06','2018-08-09 14:59:17'),(505,19,331,'2018-04-18 22:43:34','2018-11-03 20:32:10'),(506,25,217,'2018-03-04 15:21:04','2018-02-23 15:41:34'),(507,28,329,'2018-04-20 02:14:15','2018-08-11 08:00:29'),(508,6,95,'2018-05-19 22:52:46','2018-04-01 07:45:52'),(509,32,365,'2018-05-23 09:07:12','2018-10-10 01:20:17'),(510,17,184,'2018-01-21 00:11:04','2018-01-08 09:02:17'),(511,31,400,'2018-03-13 17:29:29','2018-12-15 11:36:57'),(512,17,200,'2018-05-24 07:58:18','2018-10-06 20:22:54'),(513,11,76,'2018-07-21 13:05:20','2018-02-14 02:59:46'),(514,48,351,'2018-04-14 08:36:36','2018-09-18 14:09:27'),(515,26,27,'2018-02-25 22:55:59','2018-04-17 11:52:04'),(516,45,305,'2018-04-06 01:01:16','2018-08-18 23:02:31'),(517,5,105,'2018-02-10 11:53:17','2018-09-12 02:38:01'),(518,37,297,'2018-07-28 03:11:04','2018-08-04 04:42:13'),(519,17,1,'2018-03-03 14:22:20','2018-04-20 08:45:08'),(520,4,309,'2018-02-25 03:58:59','2018-01-10 04:53:26'),(521,1,484,'2018-03-22 17:44:31','2018-02-23 11:19:00'),(522,36,356,'2018-07-26 04:38:51','2018-12-17 09:50:24'),(523,41,314,'2018-04-25 00:05:20','2018-11-02 06:23:06'),(524,30,458,'2018-05-11 02:41:30','2018-01-08 13:15:40'),(525,40,254,'2018-06-22 07:23:12','2018-04-08 19:48:16'),(526,27,256,'2018-02-04 00:59:07','2018-11-15 16:56:37'),(527,34,31,'2018-02-09 15:07:13','2018-08-22 15:49:42'),(528,17,327,'2018-02-22 19:23:33','2018-07-18 10:06:25'),(529,27,387,'2018-04-12 21:58:09','2018-10-08 17:08:02'),(530,47,471,'2018-07-30 17:31:40','2018-07-20 15:12:20'),(531,12,91,'2018-01-06 14:37:12','2018-10-04 06:44:35'),(532,21,2,'2018-02-14 00:36:11','2018-03-16 16:41:22'),(533,16,18,'2018-03-25 12:28:25','2018-04-04 16:12:00'),(534,37,245,'2018-05-15 07:50:13','2018-03-08 06:14:55'),(535,27,415,'2018-05-27 20:17:02','2018-02-03 01:57:42'),(536,19,62,'2018-06-28 02:20:08','2018-11-17 07:30:00'),(537,11,46,'2018-04-09 07:01:55','2018-04-19 15:32:08'),(538,25,8,'2018-05-27 12:12:25','2018-08-23 22:26:25'),(539,3,306,'2018-03-10 04:24:35','2018-01-21 09:08:25'),(540,3,258,'2018-04-01 15:50:41','2018-05-04 07:58:12'),(541,38,204,'2018-01-30 15:10:03','2018-07-29 17:49:03'),(542,3,144,'2018-01-18 19:14:31','2018-04-17 20:54:32'),(543,30,380,'2018-01-10 13:52:00','2018-05-21 09:27:45'),(544,37,499,'2018-01-31 21:31:36','2018-02-28 07:48:58'),(545,40,40,'2018-06-08 11:58:40','2018-06-06 06:13:39'),(546,17,385,'2018-05-26 05:20:36','2018-01-16 17:44:10'),(547,21,438,'2018-02-06 12:48:55','2018-08-07 16:57:26'),(548,10,44,'2018-03-10 08:58:58','2018-08-12 09:37:19'),(549,46,349,'2018-03-23 08:59:20','2018-04-17 16:00:00'),(550,25,347,'2018-01-19 15:33:51','2018-09-03 21:15:47'),(551,27,437,'2018-03-09 03:10:50','2018-04-26 21:06:32'),(552,10,190,'2018-01-14 06:02:22','2018-01-01 01:27:26'),(553,19,356,'2018-03-18 09:28:19','2018-08-27 16:37:27'),(554,15,89,'2018-02-21 05:52:27','2018-02-28 00:23:56'),(555,5,21,'2018-04-21 23:21:09','2018-08-14 15:27:24'),(556,11,89,'2018-04-20 15:49:45','2018-04-02 15:36:43'),(557,11,294,'2018-06-16 10:05:06','2018-08-10 03:22:43'),(558,19,417,'2018-05-21 14:46:54','2018-07-07 22:40:45'),(559,50,363,'2018-06-15 14:18:16','2018-08-04 17:32:59'),(560,23,408,'2018-05-14 17:47:12','2018-05-04 09:20:36'),(561,34,332,'2018-05-14 04:26:18','2018-10-01 12:54:51'),(562,5,218,'2018-03-21 19:39:53','2018-05-13 18:43:41'),(563,38,387,'2018-05-03 00:56:46','2018-04-21 08:54:02'),(564,5,188,'2018-05-10 19:30:06','2018-07-01 19:42:50'),(565,49,6,'2018-04-08 14:04:35','2018-11-25 07:25:55'),(566,17,112,'2018-06-22 09:04:07','2018-07-17 08:48:52'),(567,10,491,'2018-05-28 11:23:24','2018-01-21 10:25:54'),(568,18,5,'2018-03-29 23:04:31','2018-04-29 15:22:51'),(569,8,136,'2018-01-26 23:20:45','2018-09-02 17:57:20'),(570,26,300,'2018-03-20 19:24:16','2018-04-05 11:49:15'),(571,25,120,'2018-07-29 22:59:42','2018-04-04 00:57:00'),(572,46,391,'2018-04-27 17:39:14','2018-03-12 12:25:02'),(573,18,140,'2018-02-07 23:45:30','2018-11-20 17:16:42'),(574,45,291,'2018-04-22 20:16:03','2018-03-26 00:01:49'),(575,11,290,'2018-06-06 19:51:36','2018-03-29 02:53:34'),(576,45,53,'2018-02-24 21:52:55','2018-07-13 12:34:18'),(577,11,19,'2018-02-17 00:44:19','2018-05-04 01:57:20'),(578,26,414,'2018-07-31 14:03:14','2018-09-13 03:26:30'),(579,35,413,'2018-02-07 05:07:32','2018-10-20 07:51:52'),(580,22,215,'2018-04-19 18:50:53','2018-12-05 06:31:49'),(581,2,216,'2018-07-26 01:57:54','2018-09-17 13:57:06'),(582,11,356,'2018-05-12 03:25:26','2018-11-09 19:06:47'),(583,42,407,'2018-01-03 14:46:09','2018-07-01 21:04:14'),(584,31,459,'2018-07-13 23:37:15','2018-11-14 11:24:33'),(585,21,318,'2018-05-08 02:14:35','2018-03-09 05:08:03'),(586,41,327,'2018-01-09 18:14:06','2018-01-12 16:19:37'),(587,32,27,'2018-02-20 04:19:19','2018-11-27 10:11:27'),(588,2,138,'2018-01-03 21:53:35','2018-04-15 02:05:59'),(589,43,363,'2018-01-17 17:13:46','2018-09-21 14:37:03'),(590,33,336,'2018-03-26 00:14:57','2018-07-20 20:21:23'),(591,41,67,'2018-02-01 08:44:01','2018-03-21 03:57:49'),(592,11,375,'2018-05-27 18:47:59','2018-01-28 20:32:05'),(593,29,473,'2018-04-14 03:24:27','2018-03-18 04:19:21'),(594,47,400,'2018-01-04 07:14:12','2018-05-15 19:13:31'),(595,18,264,'2018-07-03 10:10:17','2018-01-15 15:13:04'),(596,46,41,'2018-06-08 22:11:41','2018-06-06 01:17:17'),(597,1,187,'2018-05-17 15:35:18','2018-12-08 10:34:19'),(598,5,87,'2018-07-13 17:17:50','2018-03-18 22:44:39'),(599,26,28,'2018-02-27 21:51:50','2018-01-17 16:28:38'),(600,50,352,'2018-03-06 21:11:33','2018-03-06 08:22:15'),(601,16,240,'2018-05-25 04:45:22','2018-01-03 23:02:16'),(602,29,282,'2018-06-23 08:26:02','2018-07-15 15:39:53'),(603,31,230,'2018-01-25 12:52:27','2018-10-18 19:32:23'),(604,27,408,'2018-03-17 22:56:12','2018-03-16 07:40:09'),(605,43,401,'2018-02-13 02:27:31','2018-01-16 00:06:03'),(606,25,247,'2018-05-24 15:49:08','2018-06-30 14:27:59'),(607,20,413,'2018-03-28 23:08:40','2018-08-30 12:39:22'),(608,36,410,'2018-05-31 01:15:10','2018-04-03 13:16:28'),(609,19,161,'2018-01-20 10:50:18','2018-03-07 14:33:21'),(610,30,93,'2018-05-06 01:25:04','2018-06-04 21:22:27'),(611,39,116,'2018-06-03 07:21:47','2018-06-30 16:44:07'),(612,29,316,'2018-06-24 14:22:25','2018-10-20 16:40:26'),(613,22,465,'2018-07-10 21:50:00','2018-10-07 19:49:47'),(614,11,496,'2018-03-10 08:41:01','2018-12-16 22:18:17'),(615,48,121,'2018-02-17 21:18:07','2018-04-06 05:48:08'),(616,49,386,'2018-06-29 21:59:18','2018-06-19 06:12:34'),(617,47,321,'2018-05-09 18:27:56','2018-04-30 09:13:24'),(618,42,98,'2018-01-19 23:10:36','2018-12-06 06:43:50'),(619,17,34,'2018-01-12 23:59:43','2018-02-20 10:11:41'),(620,6,112,'2018-06-25 04:54:17','2018-06-01 00:03:25'),(621,17,476,'2018-06-21 03:07:56','2018-11-08 19:57:01'),(622,7,82,'2018-06-23 17:12:28','2018-02-23 06:32:45'),(623,14,329,'2018-07-08 20:29:31','2018-08-24 14:12:08'),(624,36,273,'2018-02-23 09:22:48','2018-08-16 14:14:35'),(625,45,95,'2018-05-20 02:18:27','2018-08-25 07:13:29'),(626,36,160,'2018-05-17 14:09:44','2018-03-31 17:17:13'),(627,5,160,'2018-04-21 00:03:06','2018-01-24 19:28:42'),(628,5,171,'2018-02-01 05:34:01','2018-06-23 04:04:00'),(629,42,475,'2018-06-20 10:12:24','2018-01-24 18:48:59'),(630,11,9,'2018-03-05 14:30:59','2018-04-17 18:43:50'),(631,31,225,'2018-02-07 09:10:41','2018-07-25 23:02:43'),(632,6,322,'2018-01-21 15:28:05','2018-04-01 12:50:12'),(633,48,286,'2018-05-23 09:15:25','2018-07-21 00:21:54'),(634,29,214,'2018-03-09 20:26:30','2018-05-18 00:00:18'),(635,5,209,'2018-01-07 07:29:44','2018-06-17 02:09:25'),(636,14,297,'2018-04-08 22:11:11','2018-11-01 07:23:05'),(637,27,136,'2018-06-23 22:27:04','2018-03-19 06:59:59'),(638,41,436,'2018-03-29 09:14:01','2018-01-21 09:24:03'),(639,5,13,'2018-02-09 22:47:19','2018-01-04 04:35:42'),(640,36,294,'2018-01-29 08:32:23','2018-03-19 18:42:52'),(641,10,167,'2018-01-24 01:11:11','2018-07-08 11:43:56'),(642,4,215,'2018-02-17 03:13:43','2018-02-06 23:20:25'),(643,37,315,'2018-03-06 03:08:28','2018-06-29 13:31:14'),(644,24,33,'2018-05-31 03:25:38','2018-05-25 22:57:24'),(645,33,47,'2018-02-12 13:17:46','2018-11-25 10:56:06'),(646,37,119,'2018-06-26 18:57:42','2018-08-30 07:04:07'),(647,2,70,'2018-03-20 15:57:16','2018-07-21 01:07:11'),(648,19,273,'2018-01-20 03:24:13','2018-04-25 21:13:37'),(649,48,341,'2018-06-03 22:30:35','2018-04-26 04:57:46'),(650,31,141,'2018-03-15 20:56:10','2018-04-18 13:48:26'),(651,6,209,'2018-05-07 10:19:26','2018-02-16 01:28:06'),(652,47,431,'2018-05-27 12:39:20','2018-03-08 19:35:39'),(653,5,354,'2018-05-31 02:21:10','2018-07-24 18:27:50'),(654,42,179,'2018-07-06 10:50:13','2018-05-15 18:09:30'),(655,22,183,'2018-04-07 03:29:45','2018-07-24 17:51:56'),(656,12,239,'2018-03-21 01:51:11','2018-02-13 00:27:50'),(657,46,137,'2018-06-17 04:33:19','2018-08-02 02:30:38'),(658,12,272,'2018-03-15 06:50:54','2018-07-28 21:22:35'),(659,42,367,'2018-02-20 07:13:20','2018-09-30 13:09:20'),(660,37,297,'2018-05-08 10:00:09','2018-08-01 18:55:59'),(661,34,419,'2018-04-22 12:57:43','2018-10-22 00:22:46'),(662,23,466,'2018-07-03 11:37:30','2018-12-24 22:58:21'),(663,48,355,'2018-03-20 01:57:05','2018-10-17 17:41:00'),(664,49,304,'2018-01-02 17:30:01','2018-04-06 12:18:16'),(665,48,24,'2018-04-20 09:13:48','2018-05-11 06:51:40'),(666,18,493,'2018-01-16 01:04:15','2018-04-05 04:09:21'),(667,27,473,'2018-04-01 02:16:27','2018-03-09 14:55:03'),(668,40,403,'2018-06-29 19:45:38','2018-01-09 21:01:04'),(669,46,142,'2018-02-14 14:20:38','2018-11-21 03:28:38'),(670,18,328,'2018-02-28 13:17:00','2018-07-24 19:43:20'),(671,50,404,'2018-04-05 14:26:35','2018-04-06 18:45:45'),(672,17,120,'2018-05-21 05:00:49','2018-08-27 10:08:08'),(673,40,351,'2018-02-19 19:25:52','2018-11-29 20:00:05'),(674,10,94,'2018-07-14 22:23:56','2018-05-04 03:49:07'),(675,22,243,'2018-04-04 22:03:25','2018-06-13 15:21:30'),(676,36,413,'2018-04-08 10:31:25','2018-07-12 21:55:23'),(677,19,481,'2018-04-29 09:52:43','2018-11-19 00:09:34'),(678,13,118,'2018-05-15 06:05:58','2018-10-02 03:42:28'),(679,9,82,'2018-06-30 19:29:47','2018-12-21 18:27:10'),(680,40,223,'2018-07-22 18:28:22','2018-12-31 11:11:20'),(681,31,146,'2018-04-06 16:39:32','2018-03-05 08:45:00'),(682,47,253,'2018-04-19 10:38:49','2018-08-19 14:26:32'),(683,20,345,'2018-07-27 16:09:46','2018-01-17 17:56:37'),(684,26,125,'2018-01-02 14:25:27','2018-05-22 04:26:46'),(685,6,325,'2018-05-08 11:22:56','2018-09-29 20:01:08'),(686,16,418,'2018-04-26 21:50:31','2018-08-08 07:07:28'),(687,43,393,'2018-01-31 22:58:11','2018-05-06 12:19:52'),(688,19,62,'2018-03-07 08:34:15','2018-08-22 00:01:46'),(689,11,55,'2018-03-22 21:28:23','2018-01-22 22:18:44'),(690,42,345,'2018-02-03 20:04:02','2018-04-04 16:07:54'),(691,27,465,'2018-05-30 20:39:35','2018-09-06 23:57:25'),(692,6,492,'2018-02-06 03:30:45','2018-06-11 00:11:43'),(693,30,178,'2018-03-22 09:04:44','2018-10-15 18:06:19'),(694,20,56,'2018-03-25 05:39:10','2018-06-15 01:23:57'),(695,16,64,'2018-05-14 08:05:19','2018-11-19 18:09:00'),(696,15,476,'2018-07-22 06:52:11','2018-09-12 23:42:20'),(697,8,419,'2018-06-15 06:55:00','2018-03-14 21:40:41'),(698,26,428,'2018-06-30 01:07:27','2018-06-18 15:42:55'),(699,32,73,'2018-07-07 01:11:01','2018-10-18 06:50:55'),(700,40,220,'2018-07-29 04:52:34','2018-11-18 06:52:55'),(701,42,193,'2018-06-29 03:40:53','2018-03-23 22:14:31'),(702,6,64,'2018-07-26 11:36:53','2018-03-11 06:02:18'),(703,2,248,'2018-03-02 22:32:58','2018-05-06 01:25:51'),(704,31,209,'2018-07-09 00:07:28','2018-05-02 01:44:08'),(705,37,51,'2018-05-25 06:23:33','2018-12-09 23:02:20'),(706,42,292,'2018-04-08 04:24:09','2018-11-19 10:43:22'),(707,20,323,'2018-01-15 11:52:44','2018-02-03 00:28:48'),(708,32,17,'2018-06-08 10:25:38','2018-09-01 03:41:10'),(709,1,281,'2018-07-22 09:19:52','2018-11-17 01:25:26'),(710,32,78,'2018-03-15 21:29:41','2018-05-25 11:03:00'),(711,31,179,'2018-07-01 09:02:17','2018-05-19 12:27:12'),(712,37,229,'2018-07-05 02:02:15','2018-09-24 16:03:47'),(713,44,121,'2018-03-17 15:15:11','2018-04-08 12:49:36'),(714,13,409,'2018-04-13 06:16:19','2018-10-06 03:08:37'),(715,2,247,'2018-01-05 19:07:26','2018-09-01 02:50:51'),(716,43,348,'2018-07-11 21:04:42','2018-05-06 05:35:41'),(717,16,310,'2018-06-30 00:51:59','2018-03-02 03:29:29'),(718,29,359,'2018-02-23 04:12:13','2018-10-02 12:32:01'),(719,36,67,'2018-03-29 04:48:33','2018-01-26 01:49:48'),(720,35,373,'2018-02-06 04:34:23','2018-09-22 16:53:15'),(721,30,101,'2018-04-17 02:02:50','2018-03-21 04:22:27'),(722,2,331,'2018-03-29 10:50:41','2018-03-17 02:19:48'),(723,37,152,'2018-04-24 13:37:47','2018-12-28 09:28:04'),(724,38,349,'2018-02-24 22:43:26','2018-06-28 01:28:00'),(725,8,391,'2018-02-20 00:44:21','2018-02-24 00:49:07'),(726,14,143,'2018-06-28 09:42:52','2018-01-30 19:05:03'),(727,26,271,'2018-02-27 22:47:30','2018-10-29 00:28:03'),(728,32,299,'2018-05-01 11:47:59','2018-04-08 00:55:28'),(729,18,88,'2018-07-08 09:47:48','2018-03-08 14:28:44'),(730,16,260,'2018-05-22 18:16:35','2018-08-02 14:05:41'),(731,39,172,'2018-05-09 07:14:00','2018-10-13 14:02:57'),(732,48,371,'2018-06-11 08:27:40','2018-08-28 21:10:59'),(733,49,3,'2018-01-08 14:04:22','2018-11-09 17:48:22'),(734,20,363,'2018-04-15 19:12:53','2018-11-07 21:46:40'),(735,37,104,'2018-07-26 14:54:12','2018-11-21 00:16:53'),(736,10,379,'2018-07-31 14:43:03','2018-08-16 06:19:11'),(737,40,11,'2018-01-04 17:31:32','2018-02-18 16:55:08'),(738,5,88,'2018-04-29 19:44:06','2018-12-05 20:03:56'),(739,39,153,'2018-07-30 11:05:08','2018-02-27 09:18:57'),(740,20,249,'2018-06-02 17:32:17','2018-08-05 04:18:25'),(741,36,467,'2018-03-14 16:20:11','2018-07-27 02:52:57'),(742,17,395,'2018-06-30 17:48:23','2018-06-06 07:26:04'),(743,23,29,'2018-03-11 12:15:56','2018-06-12 13:09:25'),(744,5,444,'2018-03-02 16:16:13','2018-03-28 07:55:21'),(745,36,2,'2018-04-11 22:08:56','2018-03-05 10:39:52'),(746,10,296,'2018-07-09 22:17:45','2018-04-01 17:23:55'),(747,37,254,'2018-07-31 22:11:56','2018-04-15 16:54:14'),(748,28,238,'2018-04-24 20:17:54','2018-10-01 21:53:45'),(749,32,209,'2018-04-20 08:05:52','2018-11-20 08:06:52'),(750,8,129,'2018-06-18 23:59:22','2018-07-23 06:03:37'),(751,1,249,'2018-05-15 04:14:15','2018-03-10 15:51:29'),(752,6,56,'2018-04-18 22:15:24','2018-06-07 12:50:21'),(753,20,439,'2018-03-04 01:05:51','2018-11-30 07:34:03'),(754,26,16,'2018-04-20 13:04:26','2018-08-21 15:39:44'),(755,13,3,'2018-02-10 00:57:36','2018-11-12 21:15:32'),(756,18,331,'2018-05-03 18:36:36','2018-05-07 00:12:22'),(757,3,285,'2018-01-29 22:43:13','2018-09-21 19:06:54'),(758,44,311,'2018-07-13 15:32:30','2018-02-28 20:37:59'),(759,25,357,'2018-02-18 07:01:09','2018-05-29 11:27:05'),(760,4,11,'2018-03-31 18:27:36','2018-05-20 17:21:50'),(761,36,340,'2018-04-02 00:35:34','2018-09-28 02:10:33'),(762,46,110,'2018-01-23 02:40:53','2018-03-07 14:13:02'),(763,40,305,'2018-07-21 11:45:08','2018-02-07 22:05:11'),(764,41,486,'2018-07-15 21:04:11','2018-12-08 04:06:34'),(765,13,118,'2018-02-16 09:10:39','2018-12-05 06:34:56'),(766,22,348,'2018-07-20 09:49:24','2018-06-14 10:38:58'),(767,18,88,'2018-06-29 22:59:58','2018-10-30 18:31:43'),(768,34,242,'2018-01-21 22:24:11','2018-10-16 01:57:57'),(769,15,117,'2018-07-07 07:00:52','2018-08-17 21:07:49'),(770,2,84,'2018-03-14 02:33:49','2018-11-15 13:12:23'),(771,18,422,'2018-06-13 20:05:39','2018-10-01 05:08:02'),(772,35,241,'2018-02-02 17:19:14','2018-05-09 23:11:40'),(773,38,249,'2018-05-23 17:33:23','2018-05-21 21:19:57'),(774,8,272,'2018-07-10 19:38:47','2018-05-03 04:06:49'),(775,17,448,'2018-01-22 17:14:35','2018-06-17 00:46:18'),(776,47,448,'2018-03-15 07:27:31','2018-07-16 07:33:32'),(777,47,453,'2018-01-05 21:12:35','2018-12-22 06:03:18'),(778,25,126,'2018-04-04 02:38:24','2018-08-19 16:47:01'),(779,24,233,'2018-02-28 09:18:48','2018-09-08 14:30:14'),(780,31,148,'2018-03-21 13:00:18','2018-09-23 20:52:05'),(781,10,305,'2018-06-30 20:35:30','2018-12-14 18:27:24'),(782,42,342,'2018-05-27 04:16:21','2018-11-17 08:19:38'),(783,19,453,'2018-03-15 08:50:54','2018-11-02 14:09:02'),(784,47,272,'2018-02-19 01:33:45','2018-09-20 14:49:35'),(785,44,260,'2018-01-23 06:52:05','2018-05-15 05:17:37'),(786,30,405,'2018-03-01 08:56:48','2018-06-06 10:39:44'),(787,3,136,'2018-03-25 15:20:46','2018-07-04 17:31:08'),(788,29,448,'2018-06-09 20:02:47','2018-11-05 11:04:02'),(789,37,128,'2018-01-20 18:06:19','2018-03-09 14:48:22'),(790,18,43,'2018-03-29 19:01:19','2018-03-24 14:59:10'),(791,3,344,'2018-04-27 01:14:51','2018-02-01 09:43:05'),(792,10,421,'2018-01-20 13:21:27','2018-06-25 05:38:35'),(793,48,10,'2018-04-25 11:52:06','2018-01-11 05:41:34'),(794,24,180,'2018-06-13 07:47:52','2018-07-02 03:14:28'),(795,5,291,'2018-01-12 16:32:07','2018-11-18 03:27:57'),(796,22,482,'2018-01-02 18:18:37','2018-10-25 15:03:01'),(797,6,489,'2018-05-25 12:54:08','2018-07-01 21:08:04'),(798,18,202,'2018-06-08 06:17:44','2018-04-23 22:41:51'),(799,48,262,'2018-01-17 19:32:23','2018-09-22 04:31:29'),(800,38,73,'2018-02-09 23:26:13','2018-12-16 06:27:52'),(801,18,274,'2018-02-22 16:32:24','2018-06-02 00:42:24'),(802,41,444,'2018-05-12 01:56:23','2018-05-17 00:57:11'),(803,21,281,'2018-04-12 13:20:07','2018-08-08 18:26:35'),(804,50,42,'2018-07-11 22:24:31','2018-01-10 06:22:31'),(805,7,215,'2018-07-22 14:54:12','2018-10-22 09:52:52'),(806,37,114,'2018-04-08 15:31:21','2018-09-04 23:01:20'),(807,50,398,'2018-03-14 22:56:42','2018-08-01 16:27:58'),(808,41,457,'2018-03-25 10:53:35','2018-05-02 17:58:27'),(809,27,391,'2018-07-04 05:21:17','2018-06-06 15:08:41'),(810,20,416,'2018-05-07 03:16:21','2018-09-03 04:42:54'),(811,47,334,'2018-02-12 07:41:02','2018-12-30 14:33:12'),(812,14,346,'2018-04-18 02:58:30','2018-01-03 00:20:46'),(813,47,403,'2018-06-23 01:45:58','2018-11-27 10:13:41'),(814,34,133,'2018-02-18 12:10:03','2018-03-19 11:50:36'),(815,3,467,'2018-05-11 01:00:53','2018-10-06 14:22:19'),(816,33,441,'2018-01-01 22:48:35','2018-06-25 07:07:47'),(817,27,33,'2018-02-18 09:57:56','2018-04-05 05:35:54'),(818,3,75,'2018-04-11 00:02:05','2018-12-11 15:40:30'),(819,39,452,'2018-02-19 08:48:13','2018-05-12 20:47:18'),(820,50,306,'2018-03-20 17:53:27','2018-09-01 14:50:38'),(821,16,20,'2018-04-20 10:46:14','2018-03-27 17:06:12'),(822,8,127,'2018-03-06 17:16:01','2018-06-09 14:15:03'),(823,47,43,'2018-01-04 00:24:07','2018-08-06 23:05:32'),(824,41,434,'2018-01-21 21:14:28','2018-02-10 12:39:33'),(825,27,472,'2018-07-09 05:53:30','2018-10-03 02:22:09'),(826,42,391,'2018-03-14 02:15:56','2018-03-01 15:04:57'),(827,40,177,'2018-06-04 20:38:33','2018-05-28 00:18:18'),(828,2,496,'2018-05-22 02:31:15','2018-06-10 15:34:35'),(829,3,307,'2018-03-01 18:00:41','2018-07-19 16:25:57'),(830,10,113,'2018-03-01 23:34:01','2018-06-30 00:05:32'),(831,21,435,'2018-03-22 14:07:14','2018-09-04 18:47:07'),(832,36,158,'2018-06-21 03:08:59','2018-08-09 21:57:21'),(833,40,3,'2018-06-21 06:33:18','2018-10-23 11:08:24'),(834,50,78,'2018-03-22 15:28:38','2018-02-07 16:07:46'),(835,25,93,'2018-03-29 06:05:18','2018-05-21 09:19:16'),(836,45,223,'2018-07-26 10:50:18','2018-01-25 06:31:07'),(837,26,169,'2018-01-12 11:12:03','2018-09-22 05:03:07'),(838,36,131,'2018-06-19 08:11:48','2018-12-24 02:34:53'),(839,5,198,'2018-03-14 10:42:44','2018-09-28 12:48:46'),(840,15,277,'2018-06-19 10:37:04','2018-04-29 06:12:04'),(841,33,219,'2018-02-03 16:12:43','2018-03-25 20:15:25'),(842,21,348,'2018-07-12 00:06:28','2018-02-11 04:50:41'),(843,10,386,'2018-03-19 20:30:55','2018-01-19 04:41:04'),(844,8,448,'2018-04-20 12:56:56','2018-03-22 09:57:47'),(845,14,288,'2018-03-23 13:11:23','2018-10-14 06:41:25'),(846,25,429,'2018-01-15 04:16:59','2018-12-31 00:37:08'),(847,45,246,'2018-06-03 08:54:55','2018-09-28 06:10:50'),(848,23,274,'2018-05-14 21:05:21','2018-05-17 19:27:36'),(849,28,266,'2018-06-05 22:06:13','2018-11-29 14:37:23'),(850,33,8,'2018-04-02 11:08:01','2018-01-09 08:54:39'),(851,44,413,'2018-01-17 22:00:52','2018-04-05 05:02:43'),(852,43,71,'2018-03-03 13:58:43','2018-12-03 07:56:08'),(853,45,157,'2018-02-09 15:08:49','2018-08-06 14:53:31'),(854,10,85,'2018-06-25 00:53:23','2018-04-20 05:56:44'),(855,26,496,'2018-01-18 18:04:26','2018-11-15 19:54:30'),(856,27,99,'2018-02-17 00:28:40','2018-08-24 19:01:17'),(857,11,137,'2018-04-12 21:48:51','2018-10-28 11:28:36'),(858,46,375,'2018-04-16 17:18:04','2018-01-08 09:32:39'),(859,34,259,'2018-04-01 11:52:19','2018-02-03 03:57:20'),(860,12,337,'2018-06-13 16:58:37','2018-01-12 09:19:20'),(861,13,43,'2018-01-20 02:08:43','2018-04-24 03:37:28'),(862,46,48,'2018-06-05 17:20:30','2018-01-14 14:36:14'),(863,35,104,'2018-04-19 00:54:38','2018-04-16 08:48:58'),(864,18,377,'2018-07-15 13:21:45','2018-02-26 03:59:10'),(865,47,469,'2018-03-07 07:15:09','2018-10-08 01:30:05'),(866,31,452,'2018-03-20 04:50:27','2018-02-22 23:09:52'),(867,20,213,'2018-04-28 21:28:02','2018-11-29 10:11:56'),(868,46,109,'2018-03-18 15:27:27','2018-02-25 22:44:58'),(869,12,415,'2018-02-01 08:51:14','2018-03-29 13:35:02'),(870,17,3,'2018-06-29 14:51:23','2018-07-31 01:15:05'),(871,47,191,'2018-01-02 22:55:20','2018-12-15 07:07:38'),(872,48,480,'2018-03-01 05:33:34','2018-03-18 02:57:07'),(873,34,177,'2018-02-06 12:27:09','2018-11-22 16:26:06'),(874,47,144,'2018-02-23 15:03:44','2018-05-21 09:43:11'),(875,20,306,'2018-01-19 01:43:21','2018-03-02 09:40:07'),(876,17,332,'2018-05-09 05:58:08','2018-11-24 15:40:51'),(877,13,272,'2018-02-02 11:34:02','2018-11-05 02:05:33'),(878,44,364,'2018-06-11 03:06:38','2018-08-17 14:34:07'),(879,14,220,'2018-07-25 22:08:02','2018-07-24 13:59:14'),(880,35,72,'2018-04-24 15:35:22','2018-03-27 22:43:38'),(881,43,482,'2018-04-26 07:20:48','2018-12-18 08:34:20'),(882,16,5,'2018-02-21 17:30:59','2018-09-23 04:31:28'),(883,34,326,'2018-04-20 19:31:30','2018-12-31 06:34:23'),(884,15,442,'2018-04-30 17:50:23','2018-01-02 20:42:27'),(885,49,493,'2018-04-06 11:57:06','2018-06-19 22:08:17'),(886,13,254,'2018-02-16 16:25:55','2018-09-02 01:47:03'),(887,10,80,'2018-07-30 05:21:01','2018-11-18 21:52:28'),(888,10,224,'2018-05-06 02:49:53','2018-11-04 14:16:56'),(889,8,217,'2018-02-05 01:23:06','2018-06-13 03:34:56'),(890,35,433,'2018-05-21 11:18:31','2018-05-10 16:50:13'),(891,31,173,'2018-02-06 21:51:11','2018-03-16 22:21:34'),(892,28,108,'2018-05-20 12:56:50','2018-01-01 03:14:46'),(893,31,138,'2018-02-22 20:38:51','2018-08-12 20:34:19'),(894,26,400,'2018-07-31 02:15:28','2018-01-18 00:24:39'),(895,23,155,'2018-05-05 08:11:53','2018-10-11 13:20:25'),(896,48,22,'2018-02-04 09:15:52','2018-09-09 12:20:43'),(897,4,366,'2018-07-30 05:37:11','2018-04-10 12:00:50'),(898,17,349,'2018-07-23 07:54:08','2018-08-02 19:59:25'),(899,21,384,'2018-01-25 08:06:50','2018-07-07 17:06:51'),(900,45,436,'2018-07-22 18:54:40','2018-01-27 20:16:30'),(901,2,341,'2018-07-29 07:00:11','2018-05-28 10:08:08'),(902,30,316,'2018-03-30 02:08:58','2018-03-10 06:49:53'),(903,21,250,'2018-07-29 05:20:03','2018-08-31 15:01:33'),(904,43,249,'2018-06-08 14:54:22','2018-09-30 15:20:20'),(905,12,376,'2018-02-15 17:31:23','2018-10-08 11:01:33'),(906,32,105,'2018-01-17 20:23:50','2018-02-14 16:32:41'),(907,29,456,'2018-07-05 13:32:42','2018-11-28 20:48:06'),(908,37,96,'2018-01-24 13:32:19','2018-07-06 20:44:06'),(909,9,468,'2018-05-20 06:44:13','2018-12-08 17:39:37'),(910,32,150,'2018-03-17 20:11:10','2018-10-28 07:23:03'),(911,39,469,'2018-04-24 14:18:18','2018-09-05 16:48:10'),(912,11,457,'2018-06-26 23:01:11','2018-09-27 02:09:56'),(913,5,492,'2018-04-27 19:59:38','2018-04-27 20:25:03'),(914,47,446,'2018-05-02 16:03:04','2018-05-01 13:53:31'),(915,20,359,'2018-01-13 13:09:59','2018-08-27 06:09:52'),(916,36,346,'2018-05-16 10:26:13','2018-06-07 08:58:56'),(917,38,382,'2018-03-22 11:44:52','2018-05-05 05:20:56'),(918,44,242,'2018-01-11 00:33:34','2018-12-24 04:13:34'),(919,14,441,'2018-03-24 17:39:53','2018-02-20 03:15:45'),(920,20,203,'2018-07-29 05:18:20','2018-02-23 01:28:22'),(921,9,34,'2018-03-05 03:47:59','2018-03-19 23:02:11'),(922,20,226,'2018-07-31 18:41:26','2018-01-17 17:37:58'),(923,29,100,'2018-04-14 23:37:02','2018-12-13 01:22:31'),(924,50,27,'2018-06-23 19:18:20','2018-09-25 13:21:34'),(925,44,269,'2018-03-27 05:54:41','2018-12-27 21:52:46'),(926,28,97,'2018-03-19 04:20:43','2018-09-19 22:50:18'),(927,2,53,'2018-02-20 23:21:13','2018-02-01 22:49:21'),(928,44,96,'2018-05-19 14:16:28','2018-03-09 09:45:42'),(929,4,39,'2018-01-31 00:27:29','2018-09-19 01:15:45'),(930,17,245,'2018-03-06 20:01:43','2018-04-03 23:30:04'),(931,30,404,'2018-07-03 15:26:38','2018-08-06 00:36:47'),(932,42,153,'2018-05-08 18:19:07','2018-10-11 03:19:35'),(933,5,323,'2018-03-15 10:37:21','2018-06-08 02:19:26'),(934,28,149,'2018-05-07 08:45:01','2018-03-06 01:57:06'),(935,27,473,'2018-04-10 14:57:35','2018-11-22 01:35:26'),(936,24,69,'2018-01-11 12:51:50','2018-05-17 05:26:24'),(937,20,35,'2018-05-14 08:39:30','2018-02-17 09:39:15'),(938,26,69,'2018-06-22 05:56:36','2018-02-12 22:06:32'),(939,6,102,'2018-01-06 06:55:43','2018-08-02 20:11:25'),(940,40,223,'2018-06-20 15:24:43','2018-10-15 21:30:46'),(941,33,185,'2018-07-14 00:05:34','2018-11-13 05:17:25'),(942,47,68,'2018-03-22 23:51:30','2018-03-04 14:48:55'),(943,48,285,'2018-01-07 23:01:42','2018-08-22 19:27:34'),(944,27,326,'2018-05-31 23:04:18','2018-12-12 07:12:07'),(945,46,125,'2018-03-03 18:25:51','2018-04-14 21:00:05'),(946,27,36,'2018-02-01 18:28:17','2018-09-10 13:59:15'),(947,14,482,'2018-07-01 07:20:35','2018-10-20 02:25:53'),(948,11,151,'2018-06-25 12:49:16','2018-10-20 16:32:32'),(949,24,200,'2018-05-05 02:59:46','2018-10-29 02:53:48'),(950,47,262,'2018-04-06 16:09:39','2018-01-04 00:57:16'),(951,39,49,'2018-06-29 02:54:50','2018-02-14 01:11:02'),(952,21,402,'2018-03-31 20:12:42','2018-10-10 20:28:30'),(953,48,471,'2018-07-29 22:40:20','2018-04-18 05:38:58'),(954,26,41,'2018-07-09 09:01:34','2018-01-31 21:02:46'),(955,31,453,'2018-05-29 10:44:21','2018-09-23 04:38:15'),(956,34,489,'2018-02-28 12:04:01','2018-07-05 20:28:40'),(957,36,182,'2018-02-28 05:37:08','2018-07-27 23:02:22'),(958,2,129,'2018-01-31 10:38:57','2018-05-18 06:40:07'),(959,45,423,'2018-05-30 08:09:29','2018-02-05 19:08:19'),(960,28,141,'2018-02-25 22:26:20','2018-10-02 06:42:01'),(961,26,31,'2018-07-23 10:35:20','2018-06-08 04:34:13'),(962,46,437,'2018-05-06 20:08:07','2018-07-05 09:16:37'),(963,41,358,'2018-06-16 23:23:52','2018-03-22 18:43:29'),(964,31,438,'2018-02-27 13:13:53','2018-01-11 08:23:36'),(965,24,154,'2018-06-07 16:04:46','2018-02-14 20:49:14'),(966,28,150,'2018-03-23 21:02:27','2018-06-15 20:23:46'),(967,17,343,'2018-06-10 20:20:01','2018-06-19 13:10:39'),(968,18,314,'2018-06-24 02:58:45','2018-08-31 08:35:15'),(969,21,455,'2018-02-17 16:16:51','2018-03-23 02:23:03'),(970,37,97,'2018-04-05 01:39:21','2018-05-20 13:56:49'),(971,37,196,'2018-02-12 01:40:13','2018-03-15 18:59:43'),(972,3,260,'2018-03-17 06:34:11','2018-10-06 16:25:31'),(973,47,206,'2018-05-10 18:34:00','2018-12-30 13:33:38'),(974,9,288,'2018-04-01 18:22:39','2018-09-01 21:26:04'),(975,2,81,'2018-07-09 04:54:53','2018-04-02 17:04:02'),(976,15,60,'2018-01-25 22:32:13','2018-12-29 13:32:15'),(977,11,395,'2018-06-27 00:35:30','2018-02-23 20:36:11'),(978,31,364,'2018-06-27 06:01:51','2018-11-18 17:56:19'),(979,36,150,'2018-06-26 05:57:59','2018-08-16 21:38:13'),(980,34,121,'2018-06-17 06:49:19','2018-04-01 11:01:25'),(981,4,53,'2018-02-13 15:18:59','2018-05-15 12:09:49'),(982,40,358,'2018-05-13 15:46:20','2018-12-08 00:23:40'),(983,44,330,'2018-06-05 08:35:48','2018-04-04 11:32:53'),(984,36,485,'2018-04-18 06:58:46','2018-04-03 05:22:50'),(985,39,138,'2018-06-18 09:02:37','2018-11-16 14:08:29'),(986,44,333,'2018-01-30 08:11:14','2018-03-27 02:54:43'),(987,24,320,'2018-07-18 03:16:56','2018-07-18 00:03:03'),(988,19,489,'2018-07-01 03:34:40','2018-05-08 20:55:36'),(989,3,166,'2018-04-27 02:51:39','2018-10-16 18:57:36'),(990,3,190,'2018-04-24 09:45:21','2018-08-08 02:48:35'),(991,30,411,'2018-06-19 11:39:27','2018-11-13 05:24:54'),(992,3,441,'2018-03-21 18:57:03','2018-08-25 01:07:38'),(993,34,322,'2018-07-12 05:34:37','2018-10-30 03:06:24'),(994,40,423,'2018-05-07 03:00:32','2018-03-28 08:06:07'),(995,13,438,'2018-03-23 22:31:36','2018-06-16 01:39:48'),(996,12,444,'2018-05-13 04:08:04','2018-02-18 01:55:43'),(997,49,206,'2018-04-29 14:34:39','2018-12-19 05:01:11'),(998,9,147,'2018-01-04 14:22:56','2018-12-13 17:15:55'),(999,43,82,'2018-07-10 05:34:26','2018-11-14 19:32:42'),(1000,35,387,'2018-05-21 21:45:32','2018-08-29 11:48:59');
/*!40000 ALTER TABLE `tbl_book_loans` ENABLE KEYS */;
UNLOCK TABLES;

--
-- Table structure for table `tbl_borrower`
--

DROP TABLE IF EXISTS `tbl_borrower`;
/*!40101 SET @saved_cs_client     = @@character_set_client */;
/*!40101 SET character_set_client = utf8 */;
CREATE TABLE `tbl_borrower` (
  `cardNo` int(11) NOT NULL,
  `name` varchar(45) DEFAULT NULL,
  `address` varchar(45) DEFAULT NULL,
  `phone` varchar(45) DEFAULT NULL,
  PRIMARY KEY (`cardNo`)
) ENGINE=InnoDB DEFAULT CHARSET=latin1;
/*!40101 SET character_set_client = @saved_cs_client */;

--
-- Dumping data for table `tbl_borrower`
--

LOCK TABLES `tbl_borrower` WRITE;
/*!40000 ALTER TABLE `tbl_borrower` DISABLE KEYS */;
INSERT INTO `tbl_borrower` VALUES (1,'Shelia Skipp','57 Nancy Junction','971-586-2556'),(2,'Vanya Melior','3 Pierstorff Place','478-870-7006'),(3,'Abie Padden','40 Colorado Point','563-560-7535'),(4,'Marsh Stud','3265 Katie Park','441-842-0732'),(5,'Hewie Costen','082 Hallows Point','344-648-1423'),(6,'Willetta Teissier','89747 Johnson Circle','874-765-2936'),(7,'Harold Gowanlock','1 Corry Parkway','878-631-6471'),(8,'Bradan MacClure','33 Fulton Road','417-181-5995'),(9,'Shane Keenor','19 Browning Road','979-122-4946'),(10,'Eolanda Huxster','4348 Schiller Trail','361-644-6665'),(11,'Julius Hollyland','448 Quincy Avenue','946-539-7487'),(12,'Alaine Galway','5 Dwight Court','929-922-8462'),(13,'Ola Busswell','99818 Mayer Road','753-735-8179'),(14,'Garrard Sangster','957 Rockefeller Road','769-572-7229'),(15,'Brunhilde Baile','8 Sycamore Plaza','792-372-2803'),(16,'Toiboid Beedle','9441 Arkansas Avenue','490-713-6975'),(17,'Carroll Baldacco','2 Bayside Circle','289-388-1597'),(18,'Sig Pyffe','9 Dixon Pass','173-916-9899'),(19,'Courtenay Firk','55 Corry Place','665-546-6544'),(20,'Jonell Gravett','6 Del Mar Way','414-486-3127'),(21,'Selestina McIlwrath','2 Waubesa Drive','182-914-1117'),(22,'Konrad Everil','47 Meadow Valley Circle','455-434-8224'),(23,'Sondra Peasey','38 Schmedeman Point','790-188-6323'),(24,'Evaleen Waterstone','6 Maple Way','552-178-9897'),(25,'Eugene Camm','2 Glacier Hill Park','152-768-9738'),(26,'Stinky Radbond','4 Mitchell Plaza','844-966-6896'),(27,'Enid Cockerham','34 Reinke Trail','769-847-6705'),(28,'Gui Millimoe','57424 Eagan Center','355-868-6288'),(29,'Adrienne Di Carli','3 Tomscot Plaza','413-651-4381'),(30,'Currie Batisse','3882 Merrick Way','542-173-5979'),(31,'Brit Girt','196 Village Place','961-123-3437'),(32,'Kati Kennan','6 Schlimgen Road','321-488-6344'),(33,'Harris MacTeggart','2 Fuller Junction','322-736-1704'),(34,'Eliza Trehearn','0 Harper Hill','710-364-2604'),(35,'Dulcea Dighton','27 Jana Way','509-115-8549'),(36,'Floyd Dallosso','628 Loeprich Pass','953-109-4752'),(37,'Carl MacAlaster','8 Hauk Trail','300-543-3510'),(38,'Brant Bartholat','87612 Muir Junction','468-392-7975'),(39,'Felisha Lowdyane','647 Debs Lane','225-635-6015'),(40,'Nicolas Callendar','21109 Dapin Terrace','994-984-9162'),(41,'Adriano McManamen','74 Old Gate Place','732-339-0526'),(42,'Hewett Radbourn','1 Main Junction','343-713-4415'),(43,'Haily Straw','9 Merchant Avenue','926-498-5579'),(44,'Kylynn Barlass','079 Gerald Junction','588-277-4708'),(45,'Arte Howkins','941 Dapin Plaza','266-102-6078'),(46,'Lazar Nieass','3796 Lillian Plaza','399-571-2671'),(47,'Reynard Heymes','7 Buhler Circle','109-639-9836'),(48,'Mannie Lober','6901 Columbus Drive','325-332-4061'),(49,'Emmett Sanchis','341 Towne Parkway','938-949-5172'),(50,'Farr Molineux','32 Stone Corner Crossing','143-817-9010'),(51,'Xenos Braizier','32273 Westerfield Lane','436-964-9517'),(52,'Sella Penwarden','4256 Randy Junction','182-505-9960'),(53,'Haskell Crayk','553 Paget Court','613-976-3273'),(54,'Frances Yitzowitz','88 Vidon Way','557-534-2522'),(55,'Emilio Gavaghan','02727 Lakeland Place','186-582-4145'),(56,'Renate Tirkin','82 Summit Circle','663-802-8160'),(57,'Bree Scholtis','9 Homewood Crossing','500-939-8217'),(58,'Robenia Lambe','92 Golf Course Way','770-720-0432'),(59,'Carley Larenson','720 Grayhawk Trail','103-209-5072'),(60,'Ulrick Revely','2994 Vidon Pass','543-908-5304'),(61,'Bucky Braunes','218 Meadow Vale Point','913-528-8927'),(62,'Harris Tyrer','4552 Norway Maple Junction','828-244-8027'),(63,'Livvyy MacCafferty','342 Fuller Hill','813-501-8099'),(64,'David McLachlan','35330 Cottonwood Junction','649-886-5860'),(65,'Elianora O\'Spellissey','28 Mariners Cove Way','326-580-2488'),(66,'Bastian Andreutti','283 Oriole Junction','613-158-2678'),(67,'Worden Haslegrave','42 Petterle Street','103-867-8926'),(68,'Avrom Oxnam','10732 Surrey Hill','492-690-0018'),(69,'Boycie De Bischop','0385 Birchwood Hill','667-407-5191'),(70,'Nathanial Van Weedenburg','00448 Lien Alley','119-924-3549'),(71,'Rick Leggitt','81 Grim Plaza','810-853-6340'),(72,'Rosalia Carnegie','5243 Quincy Way','601-947-1834'),(73,'Judas Brothwood','626 Harper Parkway','372-463-6566'),(74,'Bale Seath','6707 Almo Circle','523-173-6614'),(75,'Chev Bardnam','67805 Brentwood Avenue','824-414-2784'),(76,'Ara Mustoo','6547 Caliangt Park','169-367-0694'),(77,'Hogan Clemot','55 Weeping Birch Plaza','477-920-4424'),(78,'Gerhardt Slyford','9189 Stephen Way','934-507-6018'),(79,'Rory Simpson','385 American Ash Place','739-208-4606'),(80,'Davine Jannex','69181 Canary Crossing','225-600-5891'),(81,'Catherina Syversen','8166 Bartelt Parkway','427-572-3137'),(82,'Rubina Maypother','50676 Katie Trail','314-150-4516'),(83,'Tammie Chitson','02 Carioca Drive','964-622-1958'),(84,'Devlin Duquesnay','23101 Veith Road','479-664-3788'),(85,'Abby Salway','33 Little Fleur Lane','395-884-7966'),(86,'Nanon Hanbidge','4163 Victoria Circle','285-598-9278'),(87,'Tammy Puffett','59267 Golf Point','298-571-0255'),(88,'Papageno Staner','13 Bay Drive','959-363-8561'),(89,'Temple Lerwill','32 Farmco Circle','360-557-5759'),(90,'Myron Azam','1 Shasta Place','402-419-3910'),(91,'Tann Dives','02300 Arkansas Junction','982-692-7385'),(92,'Yehudi McMurdo','92006 4th Way','888-153-1811'),(93,'Denise Aberkirder','76 Morrow Crossing','135-857-7912'),(94,'Madalena Pillifant','30 Oakridge Lane','618-312-6255'),(95,'Bridgette Attenbarrow','15 John Wall Alley','870-199-5831'),(96,'Corbet Burgoin','2 Jay Crossing','389-854-9405'),(97,'Carrol Hebbard','0801 Karstens Hill','296-507-6874'),(98,'Flinn Smolan','9 Prentice Trail','756-166-8460'),(99,'D\'arcy Jeffcock','84 Sutteridge Street','601-617-1334'),(100,'Chiquita Bispham','4311 Mosinee Way','594-730-5424'),(101,'Ingunna Thomason','6 Brown Lane','476-464-7432'),(102,'Maddi Durie','039 Golf Course Court','527-429-3467'),(103,'Adrienne Collishaw','051 Dapin Road','136-318-1370'),(104,'Gayleen Tomaini','0 Donald Point','776-360-6881'),(105,'Celeste Clifforth','9929 Forest Street','298-205-2513'),(106,'Cele Cavanaugh','13 American Lane','954-147-8446'),(107,'Lombard Ackers','57359 Portage Street','419-753-3679'),(108,'Talya Greeves','635 Summit Plaza','954-516-8486'),(109,'Giacopo Gostage','46091 Bluestem Lane','576-386-6667'),(110,'Bernarr Entwistle','02821 Park Meadow Alley','962-277-3122'),(111,'Margret Alford','085 Randy Place','722-111-9145'),(112,'Derron Larking','3051 Elgar Hill','642-848-7960'),(113,'Alfy Duffy','1346 Melrose Place','566-135-5401'),(114,'Andrey Kerner','95 Park Meadow Alley','989-388-7183'),(115,'Ursula Lendrem','8 Manitowish Drive','176-131-6230'),(116,'Pauli Duffyn','255 Banding Place','350-193-2455'),(117,'Larina Gussie','691 Mendota Hill','742-994-5887'),(118,'Putnem Cardozo','1 Bluestem Way','142-125-1056'),(119,'Marianna Farland','878 Charing Cross Drive','125-631-4706'),(120,'Cherlyn Kloisner','5303 Mifflin Alley','238-413-0180'),(121,'Gherardo Badby','63655 Hazelcrest Alley','260-332-7334'),(122,'Iago Collingwood','14444 Haas Crossing','942-624-0515'),(123,'Jyoti Breitling','277 Meadow Vale Court','232-834-5441'),(124,'Andriana Andersson','778 Esch Alley','395-272-3929'),(125,'Abran Ciementini','683 Truax Circle','258-109-8030'),(126,'Noelani Goldhill','7 Helena Parkway','555-798-7982'),(127,'Kendricks Jerzykiewicz','58 Buell Lane','891-947-4004'),(128,'Joane Bircher','2 Fremont Junction','655-984-0789'),(129,'Elsy Burchmore','747 Kennedy Circle','174-224-2116'),(130,'Troy Sawdy','1 Westport Pass','673-161-8783'),(131,'Conrado Whelpdale','631 Holmberg Park','449-378-2765'),(132,'Karol Swadon','11 Lillian Street','897-632-4969'),(133,'Morna McKendo','24 Bluejay Terrace','199-841-3911'),(134,'Dinah Suddock','9 Mandrake Plaza','677-861-5180'),(135,'Hagen Wims','34 Florence Crossing','122-705-2302'),(136,'Lynnet Normington','1180 Maryland Point','625-980-9638'),(137,'Damiano Spatig','0807 Upham Terrace','792-593-5877'),(138,'Mitzi Blondel','005 Surrey Center','920-605-0614'),(139,'Lezlie Emerson','37149 Dapin Pass','204-876-8068'),(140,'Shirline Kelwaybamber','4 Holmberg Circle','617-882-4655'),(141,'Philippine Talks','71 Jana Parkway','820-403-8624'),(142,'Palm Rotherham','6 Twin Pines Trail','657-936-0490'),(143,'Kerwinn Dundridge','02 Carpenter Road','638-864-8177'),(144,'Charlotta Cutchee','92 Artisan Center','913-550-7113'),(145,'Isadora Pestell','97 Holmberg Pass','961-866-7983'),(146,'Lynnette Minchinden','7086 Cordelia Road','216-110-3987'),(147,'Rubina Abramson','57810 Kings Circle','944-685-9250'),(148,'Saleem de la Tremoille','15078 Dunning Trail','639-119-6175'),(149,'Gery Breadon','972 Stuart Street','273-141-9086'),(150,'Cristy Caplin','6535 6th Trail','840-849-5923'),(151,'Malcolm Hamblett','740 Chive Court','658-758-2413'),(152,'Lilias McCurry','89 Dayton Parkway','531-436-0662'),(153,'Ricardo Likely','1123 Farmco Place','843-103-9135'),(154,'Simonette Hovenden','1795 Glendale Crossing','453-721-2551'),(155,'Marianna Radbourne','929 Mifflin Junction','670-430-6423'),(156,'Margette Swigger','2 Comanche Pass','766-267-4865'),(157,'Jackie Peter','927 Warrior Trail','462-956-9114'),(158,'Agnese Brandle','3684 Carioca Point','230-453-8495'),(159,'Malinde Shimony','695 Lake View Lane','281-290-8205'),(160,'Ingrid Jackling','246 Toban Road','401-270-2732'),(161,'Lynn Tooher','44988 Colorado Crossing','576-488-4911'),(162,'Christoffer Gunter','554 David Road','785-346-8302'),(163,'Emmalynne Mansford','7 School Hill','555-237-6408'),(164,'Chere Hexam','90 Fordem Way','322-331-2237'),(165,'Nico Dovidian','5998 Lillian Street','374-249-9492'),(166,'Marci Scading','38 Clarendon Crossing','891-193-5336'),(167,'Colette Hartshorne','4199 Katie Junction','412-226-7629'),(168,'Garret Hawkin','6573 Fairfield Terrace','210-126-7153'),(169,'Torr Pietrusiak','1 Corscot Trail','259-675-9362'),(170,'Cordelia Markwell','42 Jay Point','247-531-5010'),(171,'Terri-jo Menlove','89 Hallows Center','798-458-3166'),(172,'Teddie Caroli','2951 Reindahl Terrace','656-447-8166'),(173,'Nicolas Steadman','01947 Dahle Plaza','974-641-6587'),(174,'Raina Rook','01011 Rieder Crossing','276-670-4822'),(175,'Westley Courtin','75 Ohio Place','591-480-4746'),(176,'Stacee Casaccia','24779 Quincy Point','744-750-9480'),(177,'Asia Rippen','7005 Mallory Avenue','514-200-6676'),(178,'Berget MacEveley','78012 Kropf Plaza','956-858-8082'),(179,'Charissa Edgerly','3 Meadow Ridge Park','414-804-1708'),(180,'Marquita Kearley','786 Kipling Point','307-555-8367'),(181,'West Edmondson','00825 Melrose Plaza','852-233-1833'),(182,'Neddie Brew','38610 Marcy Road','132-831-8676'),(183,'Augusto Goodings','84 Dryden Trail','839-149-0199'),(184,'Alysa Domegan','174 Dennis Place','985-487-7665'),(185,'Frazer Iacobassi','71 Butterfield Lane','719-512-5136'),(186,'Joscelin Syddon','30547 Southridge Terrace','213-499-0979'),(187,'Antoinette Berresford','86 Mitchell Parkway','513-822-5965'),(188,'Kacy Genery','93319 Cherokee Parkway','257-314-3838'),(189,'Rhody Windows','48 Portage Lane','474-210-0156'),(190,'Trefor O\'Hagerty','32 Mallory Lane','514-245-5171'),(191,'Theda O\' Borne','29 8th Avenue','503-510-2820'),(192,'Ivie Rouf','7 Vera Pass','753-728-2442'),(193,'Dael Tawse','69 Union Center','625-618-8595'),(194,'Aluin Furzey','8 Everett Terrace','385-145-2834'),(195,'Katti Swin','28 Tomscot Point','555-869-8430'),(196,'Sayre Woollam','6 Mayer Point','836-270-0173'),(197,'Tallia Bunney','94884 Sutteridge Junction','787-591-1260'),(198,'Silas Zapatero','9722 Lake View Avenue','753-634-5067'),(199,'Haydon Aurelius','64 Summit Hill','709-169-1916'),(200,'Cyndi Howgate','26 Southridge Parkway','374-427-6866'),(201,'Rutledge Capoun','4036 Darwin Plaza','274-770-7423'),(202,'Madge Druitt','734 Cardinal Center','353-123-4702'),(203,'Glenden Cockshutt','71164 Utah Terrace','649-317-7750'),(204,'Renell Dudmarsh','4 Pennsylvania Street','187-228-1012'),(205,'Seymour Jewers','07 Derek Road','985-250-8174'),(206,'Andrej McCloughen','2429 Daystar Terrace','697-166-4118'),(207,'Kimberley Efford','1212 Blackbird Street','434-546-5751'),(208,'Gusti Lowles','46371 Tennyson Parkway','836-394-0636'),(209,'Tripp Foyle','9 Service Alley','137-317-4290'),(210,'Huntley Frapwell','23 Loftsgordon Drive','951-710-8948'),(211,'Mildred Bangle','3766 Lindbergh Parkway','293-447-1828'),(212,'Roderic Tumelty','478 Sloan Avenue','583-275-5752'),(213,'Salmon Vanacci','182 Esker Avenue','694-119-6259'),(214,'Sallie Attrill','38064 Mosinee Junction','505-152-4752'),(215,'Alwin Jillitt','54927 Hagan Court','359-668-7249'),(216,'Ulric Stockley','6432 Fairview Crossing','149-375-6847'),(217,'Cosetta Brennans','2 Roxbury Junction','156-119-2686'),(218,'Birdie Offord','6838 Meadow Ridge Crossing','123-954-0537'),(219,'Winny Dusting','521 Wayridge Parkway','411-266-5381'),(220,'Kaia Raccio','81485 Ludington Center','667-814-6214'),(221,'Ritchie Elcombe','9821 Transport Place','982-514-1559'),(222,'Conrad Anniwell','7698 Shelley Alley','244-975-5128'),(223,'Ava Gheerhaert','46 High Crossing Trail','355-639-8996'),(224,'Codie Beslier','2213 Del Sol Avenue','930-570-5023'),(225,'Thelma Hemerijk','086 Paget Parkway','248-976-9996'),(226,'Tabby Le Page','17 Oxford Point','706-763-1998'),(227,'Sol Gatecliff','79 Schlimgen Way','183-177-0678'),(228,'Sylvia Hurl','06261 Calypso Hill','136-838-2960'),(229,'Jenn Howard','7 Bashford Point','335-209-0845'),(230,'Bendite Lantiff','374 Warrior Street','364-467-6272'),(231,'Fawne Persey','1017 Dahle Pass','892-611-6290'),(232,'Tomasina Grollmann','27 Troy Alley','713-586-8910'),(233,'Darsie Iacobassi','57 Calypso Lane','899-856-4911'),(234,'Glenine Spours','1 Fuller Crossing','933-607-7683'),(235,'August Mallatratt','3 Dakota Hill','660-426-2220'),(236,'Nester Layzell','8005 Kenwood Alley','321-280-1978'),(237,'Simon Ollenbuttel','398 Westridge Park','652-201-6912'),(238,'Giacomo Robiot','025 Bartelt Hill','786-483-5595'),(239,'Erwin Faull','17 Bellgrove Trail','872-318-4974'),(240,'Mill Fitton','0 Utah Park','542-656-3338'),(241,'Orren Garza','1561 Iowa Parkway','136-833-6590'),(242,'Nelli Springate','4 Vidon Drive','870-161-3581'),(243,'Kass Spendley','9755 Di Loreto Junction','682-786-6633'),(244,'Beverie Longhirst','065 Lakeland Terrace','527-851-6311'),(245,'Brendin Petre','80570 Heath Way','811-805-1481'),(246,'Kirbee Stainsby','52 Longview Alley','817-943-7854'),(247,'Lucita Latour','6281 Becker Junction','284-253-6033'),(248,'Templeton Korn','59 Judy Street','959-799-8768'),(249,'Dagmar Pedracci','784 Sugar Trail','356-558-9990'),(250,'Oberon O\'Tierney','54 Mitchell Road','590-697-4284'),(251,'Had Dimitrov','8605 Declaration Terrace','416-756-4355'),(252,'Constantia Haworth','2 Farmco Way','221-470-3146'),(253,'Shepherd Grece','43 Warner Place','647-879-3709'),(254,'Hi Smaridge','1 Becker Circle','441-857-0998'),(255,'Lucian Veltman','724 Golf Park','101-772-8183'),(256,'Olia Gosselin','84 Columbus Trail','586-810-2311'),(257,'Kyle McKinna','5957 Alpine Circle','453-925-4238'),(258,'Ximenes Lethcoe','466 Glacier Hill Street','859-196-0412'),(259,'Ingmar Alldis','4 Fairfield Road','866-155-1382'),(260,'Bradney Illiston','59392 Mallard Center','921-603-1567'),(261,'Gilemette Hattrick','2948 Lake View Drive','225-344-0800'),(262,'Kerwinn Ogden','9 Boyd Crossing','572-648-8905'),(263,'Conchita Baddoe','348 Farragut Place','350-437-7832'),(264,'Stanton De Leek','1767 Petterle Plaza','682-156-3246'),(265,'Skippie Lilian','1992 Manitowish Court','832-358-0539'),(266,'Artemas Stearn','84059 Porter Street','916-599-7541'),(267,'Roselin MacKain','111 Packers Court','598-771-3780'),(268,'Dusty Davion','877 Fallview Point','196-838-2174'),(269,'Truda Brooke','89131 Bobwhite Circle','520-871-3089'),(270,'Barrie Dodle','89 Mcbride Parkway','238-651-1858'),(271,'Di Blastock','8299 Fuller Drive','239-475-4624'),(272,'Jodie Danbury','7863 Garrison Court','854-211-1718'),(273,'Ulysses Crass','1606 Monica Center','692-232-7794'),(274,'Tirrell Freyne','99 Raven Way','214-817-9627'),(275,'Margi Niset','0 Hermina Avenue','842-125-6578'),(276,'Herold Cafferky','074 Sunfield Crossing','395-700-0973'),(277,'Zared Blanque','061 Ridgeway Road','765-511-1134'),(278,'Welch Wraxall','712 Sunbrook Lane','612-993-1245'),(279,'Yancy Febre','783 Longview Plaza','973-970-9951'),(280,'Magdalen Couser','85299 Florence Point','408-807-0773'),(281,'Hershel Piatek','0363 Bellgrove Street','453-688-2582'),(282,'Daniele Duffy','569 Magdeline Park','455-634-4227'),(283,'Roselle Chellenham','7863 Reindahl Place','759-324-7947'),(284,'Allene Glozman','1 Ruskin Terrace','332-828-3039'),(285,'Angus Moreman','994 Springs Trail','461-171-6295'),(286,'Marcelo Iglesias','3930 Veith Parkway','897-138-5374'),(287,'Sephira Da Costa','40492 Briar Crest Center','809-429-2132'),(288,'Inge Cordaroy','25 Harbort Terrace','938-661-0693'),(289,'Matelda Girardet','323 Milwaukee Court','594-628-7012'),(290,'Darcy Eede','987 Morrow Court','711-524-2660'),(291,'Mufinella Priditt','3 Grim Center','837-567-4857'),(292,'Mirella Joliffe','909 Hermina Alley','346-400-7522'),(293,'Bayard Goulston','49 Messerschmidt Parkway','272-634-2495'),(294,'Noak Rallin','3251 Kingsford Crossing','436-660-8240'),(295,'Jareb Stonehewer','53972 Miller Lane','854-111-7454'),(296,'Virgie Stabbins','717 Tennessee Alley','235-714-9498'),(297,'Alexina Entissle','2 Browning Terrace','621-240-9141'),(298,'Bette-ann Lumley','615 Graceland Parkway','705-468-4225'),(299,'Layla Madgwich','9775 Blue Bill Park Circle','830-680-4896'),(300,'Jessika Bassingden','04 New Castle Hill','846-190-4025'),(301,'Meta Wilce','1596 Magdeline Park','956-399-2192'),(302,'Madelon Craggs','7 Swallow Junction','471-601-1889'),(303,'Frederigo Jumont','4572 Onsgard Parkway','863-757-8600'),(304,'Shae Murray','10 Acker Way','160-270-7966'),(305,'Marnie Budding','751 Washington Park','790-529-3980'),(306,'Pauly Sherrin','5 Pine View Lane','258-603-9178'),(307,'Erina Davley','763 Troy Terrace','183-781-9726'),(308,'Merralee Peattie','921 Almo Lane','116-973-5358'),(309,'Maddie Levitt','2 Transport Alley','111-453-6575'),(310,'Beryl Robathon','33350 Artisan Circle','240-863-2787'),(311,'Carson Charnley','09198 Northview Parkway','363-409-6224'),(312,'Marshall Tillard','111 Donald Hill','794-884-7075'),(313,'Decca Kordas','68740 Twin Pines Park','387-461-4233'),(314,'Viviyan Addington','87461 Dennis Drive','927-143-1137'),(315,'Kareem Woollhead','34283 Dorton Court','863-496-3556'),(316,'Emanuele Ratley','5 Rowland Circle','227-435-8160'),(317,'Delmore Choffin','49421 Mockingbird Avenue','290-442-1688'),(318,'Kippy Ambrosoni','38645 Little Fleur Trail','799-434-8266'),(319,'Delmor Wittier','5215 Carey Road','563-944-9980'),(320,'Thane Budibent','7 Washington Parkway','399-658-9894'),(321,'Derril Matthai','2 Beilfuss Street','360-484-1273'),(322,'Concettina Duinbleton','67315 La Follette Junction','976-750-6752'),(323,'Olivier Collister','8 Center Crossing','848-868-3583'),(324,'Nikolai Ridpath','42010 5th Parkway','725-737-4708'),(325,'Donny Beevis','2769 Susan Point','930-349-0491'),(326,'Kimball Dearnaley','1 Fordem Hill','851-616-0538'),(327,'Patty Ambler','58 4th Drive','747-396-9519'),(328,'Teodora MacBain','5 Division Crossing','980-322-2812'),(329,'Hadleigh Byres','54118 Grasskamp Junction','196-630-0625'),(330,'Giff Arkill','8 Pearson Trail','292-550-4237'),(331,'Cobb Lyddy','6912 Fairfield Parkway','941-322-7205'),(332,'Son Mcmanaman','71142 Washington Court','429-107-5588'),(333,'Sioux Stubbin','6 Helena Way','457-113-8565'),(334,'Breanne Pentin','4 Graceland Plaza','941-407-9491'),(335,'Isac Gibbonson','2 Brentwood Center','563-455-9387'),(336,'Costanza Greenmon','24074 Forster Avenue','726-434-2502'),(337,'Tiertza Earl','6 Welch Court','360-415-1881'),(338,'Erik Gave','04 Ridgeview Center','951-284-3467'),(339,'Linet Ronan','6 Vidon Center','387-225-4740'),(340,'Leeland Ganing','4 Prairieview Junction','624-908-9673'),(341,'Ganny Arling','766 Bunting Pass','910-975-7137'),(342,'Leeanne Gotling','30 Grayhawk Parkway','931-783-2015'),(343,'Kev Shimuk','3896 Clemons Point','708-873-7514'),(344,'Jesse Hanscombe','52667 Oakridge Crossing','305-868-7465'),(345,'Pietra Fancott','9 Buhler Alley','246-889-2839'),(346,'Chev Corradetti','0503 Portage Drive','535-402-6591'),(347,'Moyra Flucker','5109 Hoard Pass','681-741-4105'),(348,'Courtnay Sutherby','68581 Debra Trail','339-169-7328'),(349,'Corina McDowall','4767 Steensland Way','735-550-6368'),(350,'Peri Salla','5 New Castle Alley','516-479-5347'),(351,'Bendite Gibke','2629 Tennyson Parkway','979-448-1233'),(352,'Dominique Corson','108 Susan Lane','346-907-5221'),(353,'Leshia McGuirk','2435 Dottie Place','126-475-9858'),(354,'Gabriella Banister','40 Hermina Junction','665-305-6933'),(355,'Brunhilde Bier','2449 Riverside Circle','937-425-1554'),(356,'Calida Radage','7569 Mendota Terrace','446-114-8980'),(357,'Scarlett Frounks','418 South Crossing','234-641-2320'),(358,'Alikee Mattheus','056 Sachs Junction','190-402-9073'),(359,'Thom Hulett','65 8th Way','708-536-9813'),(360,'Haley M\'Chirrie','8 Coolidge Pass','697-997-6682'),(361,'Delia Seiffert','1 Talisman Court','438-868-5050'),(362,'Carolin McGuane','983 Muir Point','416-326-0237'),(363,'Krystle Dimmer','3848 Becker Pass','436-480-9228'),(364,'Ginnie Shoebridge','8218 Springview Point','522-325-7193'),(365,'Merrill Queripel','96701 Dahle Plaza','538-790-4996'),(366,'Wilmar Howel','15631 Kim Park','959-496-1845'),(367,'Guillemette Carlyon','05181 Sheridan Street','496-247-5893'),(368,'Elwin Kobelt','1752 Badeau Place','846-326-5269'),(369,'Ninette Hernik','0 Clemons Avenue','533-318-6928'),(370,'Katha Elfes','6 Stone Corner Center','312-293-3201'),(371,'Janetta Mattiassi','409 Judy Road','648-846-8895'),(372,'Emeline Wadman','826 Superior Way','189-603-4896'),(373,'Jerrilyn Dudenie','7 Northland Street','342-678-5950'),(374,'Sarette Rainton','5363 Hagan Parkway','272-671-8425'),(375,'Gertrud Barles','192 Myrtle Avenue','886-904-6634'),(376,'Cosetta Hassin','25 4th Crossing','444-249-7674'),(377,'Vergil Burdus','11601 Reinke Plaza','936-983-5130'),(378,'Wrennie Chatto','35474 Butterfield Alley','331-399-2773'),(379,'Loria Ambrozewicz','96295 Lakeland Center','417-324-0075'),(380,'Magdalene Flockhart','78 Colorado Crossing','657-635-0974'),(381,'Layla Dimond','645 Monterey Alley','617-416-6150'),(382,'Alli Smissen','96 Kingsford Junction','376-294-5135'),(383,'Cassaundra Orts','9980 La Follette Trail','730-153-0071'),(384,'Tressa MacMechan','81181 Hazelcrest Park','517-235-9589'),(385,'Quill Yendall','80 Loeprich Street','296-802-2868'),(386,'Robinetta Kobus','24225 Grayhawk Court','714-128-5926'),(387,'Tome Whitlaw','5610 Prairieview Park','878-354-7000'),(388,'Kimble Belbin','339 Prairie Rose Lane','729-107-3658'),(389,'Celestia Wadelin','1136 Rigney Center','280-238-5700'),(390,'Danila Janiak','0 Paget Terrace','973-867-8805'),(391,'Chicky Flannigan','52788 Grover Junction','896-282-7022'),(392,'Leela Life','09 Northfield Point','509-971-1030'),(393,'Horatia Birbeck','4 Grover Point','508-579-8812'),(394,'Walt Chandlar','72290 Sheridan Avenue','889-368-1001'),(395,'Benedicto Jammes','7 Shelley Park','542-780-0527'),(396,'Karen Cribbins','9884 Bunker Hill Hill','833-552-6154'),(397,'Celie Sallinger','6345 Buhler Circle','861-159-9580'),(398,'Ajay Sampson','6713 Park Meadow Pass','378-337-9180'),(399,'Mathe Hickin','56885 Crowley Hill','594-320-4527'),(400,'Danie Rouchy','50693 Declaration Way','190-522-6679'),(401,'Vivienne Yuryichev','2 Northview Park','302-146-7827'),(402,'Gerty Jeafferson','17 Nobel Place','431-802-7873'),(403,'Sabine Leisman','7703 Nevada Plaza','525-364-4298'),(404,'Raina Askie','03 Mallory Drive','480-796-7617'),(405,'Annie Morritt','0456 Hazelcrest Circle','902-188-4441'),(406,'Rutger Birt','82 Hoepker Center','477-747-5532'),(407,'Kali Leney','30924 Forest Dale Parkway','503-214-8421'),(408,'Dulciana Foxten','0495 Thompson Avenue','281-323-7140'),(409,'Natividad Cancelier','90 Sloan Street','119-375-4770'),(410,'Frayda Stetlye','4 Northwestern Lane','813-134-7277'),(411,'Mickie Kaley','6 Grasskamp Avenue','652-179-9954'),(412,'Cookie Valerio','91 Dottie Crossing','283-832-0458'),(413,'Baird Ruttgers','2 Forest Run Park','307-732-0295'),(414,'Crystal Bakhrushkin','86 Sycamore Road','158-914-2651'),(415,'Prentice Burtonshaw','5 Miller Hill','476-408-8436'),(416,'Garwin Sousa','3776 Meadow Vale Road','747-700-6388'),(417,'Shamus Willmott','04 Clarendon Trail','305-211-9151'),(418,'Caroline McKay','187 Morning Point','874-524-6540'),(419,'Deva Korous','9281 Jenna Park','677-128-0252'),(420,'Cassie Minet','15155 Nova Alley','360-280-1237'),(421,'Emelia Ancketill','1589 Dapin Road','671-136-2329'),(422,'Gleda Swanger','65 Eagle Crest Park','238-943-8265'),(423,'Bryan Woodnutt','719 Valley Edge Alley','910-408-6812'),(424,'Calvin Cecely','3 Sloan Way','359-631-6940'),(425,'Jordain Taplin','0653 Cambridge Hill','595-274-4585'),(426,'Benito Buckleigh','16148 Starling Alley','454-756-2087'),(427,'Rubie Kubacek','0 Lighthouse Bay Street','918-296-5003'),(428,'Leif Blind','0136 Becker Way','110-460-5493'),(429,'Carmencita Krzyzanowski','2531 Montana Hill','892-740-8457'),(430,'Myrna Hairs','447 Prentice Road','920-564-2534'),(431,'Ansel Kaufman','651 Muir Circle','541-795-9079'),(432,'Hillier Bayfield','1267 Mayer Pass','624-558-0269'),(433,'Phil Coddington','305 Mayfield Park','605-279-8485'),(434,'Kim Tomasz','2568 Chive Plaza','948-145-4958'),(435,'Kendra Boyland','8808 Donald Avenue','222-955-4716'),(436,'Deloris Tiplady','21277 Dexter Park','533-790-6780'),(437,'Eldin Kenrat','6 Division Pass','273-953-9035'),(438,'Annalise Fawthorpe','330 Main Pass','825-257-6926'),(439,'Terrance Scimonelli','8 Lakewood Pass','334-736-7465'),(440,'Ollie Dawbery','65872 Kedzie Road','357-701-4024'),(441,'Silvester Jacmard','29622 Myrtle Lane','397-490-3699'),(442,'Lauri Le Floch','1 Bobwhite Circle','724-578-8553'),(443,'Lance Rodder','9 Messerschmidt Center','430-379-4973'),(444,'Didi Mungham','7400 Manitowish Alley','474-928-2606'),(445,'Kearney Cammell','535 Lillian Parkway','572-596-0081'),(446,'Jsandye Hoult','0555 Barby Lane','445-565-7902'),(447,'Mord Holah','92 Nancy Alley','287-380-5476'),(448,'Monte Pymm','0981 Riverside Street','483-933-7545'),(449,'Rosalinda Portress','7 Bayside Place','327-170-4249'),(450,'Elva Lukins','13038 Briar Crest Crossing','693-562-9105'),(451,'Pru Mattedi','122 Heffernan Pass','825-835-5268'),(452,'Jehanna Doornbos','5 Cherokee Hill','370-765-8779'),(453,'Delphine Nickerson','36828 Walton Trail','680-642-1818'),(454,'Amy Bernlin','6 Forest Junction','518-847-5359'),(455,'Rozelle Coniam','293 Division Court','167-338-9405'),(456,'Marrissa Preddy','89208 Stone Corner Avenue','321-280-3982'),(457,'Thorin O\'Cooney','880 Sauthoff Crossing','833-390-1118'),(458,'Rhona Monkhouse','2 Granby Circle','602-596-4811'),(459,'Sigfried MacHostie','00697 Porter Pass','449-970-9072'),(460,'Bill Wilfling','48 Hintze Drive','261-781-3841'),(461,'Madelina Yashnov','862 Paget Way','111-691-9187'),(462,'Corrina Derry','65 Briar Crest Parkway','498-195-2145'),(463,'Andre Holborn','847 Forest Run Way','217-516-6398'),(464,'Virge Kitchingman','0 Fremont Pass','770-410-8486'),(465,'Emmalyn Matis','552 Brickson Park Terrace','591-784-8309'),(466,'Hamlen Gaywood','18 Golden Leaf Alley','704-381-8287'),(467,'Fancy Eisikowitz','5698 Paget Parkway','193-143-9786'),(468,'Kirstyn Sterke','6 Waywood Pass','519-554-2377'),(469,'Thornie Kilian','959 Scofield Circle','215-994-3915'),(470,'Jessee Stampfer','82359 Forest Run Court','509-980-8838'),(471,'Darill Dennett','488 Lerdahl Road','970-709-1380'),(472,'Curt Hurley','45466 Meadow Ridge Junction','387-854-8623'),(473,'Damaris Fonso','1896 Caliangt Crossing','538-807-6528'),(474,'Son Korb','39908 Maryland Circle','982-916-8412'),(475,'Rowan Bracchi','5 Dixon Point','120-710-1044'),(476,'Elladine Cherrett','57893 Acker Terrace','467-158-1718'),(477,'Serena Videneev','2576 Derek Junction','211-171-1647'),(478,'Gerrie Preskett','83 7th Alley','450-316-3790'),(479,'Hermina Ballantine','418 Corben Street','362-644-6750'),(480,'Skelly Roome','35160 Ludington Street','176-841-8448'),(481,'Bertrando Coale','742 Moulton Parkway','969-572-4025'),(482,'Davidde Hedditch','84 Hazelcrest Crossing','446-102-9661'),(483,'Wren Crossland','33172 Arrowood Crossing','363-500-7103'),(484,'Candice Wilsher','8770 Dorton Way','403-252-4031'),(485,'Hunt Halmkin','8 Oak Valley Way','401-706-6405'),(486,'Zak Ritson','77945 Pankratz Place','263-253-4880'),(487,'Emelina D\'Emanuele','12500 Gale Plaza','857-649-6873'),(488,'Ricky Hurndall','7 Stoughton Junction','796-675-9826'),(489,'Alix Adolthine','97 Shelley Avenue','552-605-1509'),(490,'Eloise Lombard','65321 Burning Wood Plaza','216-659-8106'),(491,'Godfrey Hansed','23306 Chive Terrace','801-603-6958'),(492,'Adair Breston','361 Kinsman Center','839-848-6794'),(493,'Haze Klyn','28192 Nancy Hill','278-167-7839'),(494,'Rozele Casotti','9 Rusk Pass','116-348-8474'),(495,'Frederico Gregersen','30627 Gale Terrace','851-263-9271'),(496,'Lissa Scandroot','9 Beilfuss Terrace','429-650-5292'),(497,'Kerrin Ludy','152 Prairie Rose Drive','167-498-8465'),(498,'Joice Northall','39 Briar Crest Crossing','711-117-2602'),(499,'Harlen Scottrell','74541 Golden Leaf Plaza','881-161-9153'),(500,'Orsa Struther','2009 Rowland Parkway','457-340-1089');
/*!40000 ALTER TABLE `tbl_borrower` ENABLE KEYS */;
UNLOCK TABLES;

--
-- Table structure for table `tbl_library_branch`
--

DROP TABLE IF EXISTS `tbl_library_branch`;
/*!40101 SET @saved_cs_client     = @@character_set_client */;
/*!40101 SET character_set_client = utf8 */;
CREATE TABLE `tbl_library_branch` (
  `branchId` int(11) NOT NULL,
  `branchName` varchar(45) DEFAULT NULL,
  `branchAddress` varchar(45) DEFAULT NULL,
  PRIMARY KEY (`branchId`)
) ENGINE=InnoDB DEFAULT CHARSET=latin1;
/*!40101 SET character_set_client = @saved_cs_client */;

--
-- Dumping data for table `tbl_library_branch`
--

LOCK TABLES `tbl_library_branch` WRITE;
/*!40000 ALTER TABLE `tbl_library_branch` DISABLE KEYS */;
INSERT INTO `tbl_library_branch` VALUES (1,'Sharpstown','03169 Anhalt Circle'),(2,'Central','65204 Di Loreto Plaza'),(3,'Boyd','12 Shelley Plaza'),(4,'Arkansas','3138 Quincy Avenue'),(5,'Pierstorff','9262 Novick Way'),(6,'Prentice','19722 Cambridge Junction'),(7,'Derek','06340 Pennsylvania Alley'),(8,'Nelson','13 Northland Street'),(9,'Hoard','8 Nevada Way'),(10,'Dakota','5 Donald Terrace'),(11,'Transport','52167 Mccormick Road'),(12,'Hoffman','391 Mockingbird Road'),(13,'David','1 Sherman Court'),(14,'Longview','099 Northwestern Park'),(15,'Thackeray','122 Sugar Road'),(16,'Stoughton','43 Wayridge Alley'),(17,'Tennessee','5 Armistice Way'),(18,'Knutson','946 Moland Pass'),(19,'Redwing','1520 Ludington Place'),(20,'Steensland','42502 Di Loreto Alley'),(21,'Eagle Crest','39542 South Circle'),(22,'Sommers','82 5th Road'),(23,'Southridge','982 Fulton Court'),(24,'Kenwood','8 Blue Bill Park Way'),(25,'Scofield','88 Di Loreto Place'),(26,'Jenifer','11 Monica Plaza'),(27,'Marquette','7 Del Mar Lane'),(28,'Red Cloud','738 Mccormick Lane'),(29,'Forest','8566 Burrows Circle'),(30,'Bartelt','849 Luster Circle'),(31,'Cambridge','7941 Forest Dale Street'),(32,'Homewood','1054 Golf Court'),(33,'Sunbrook','2 Melvin Parkway'),(34,'Northview','01 Tennyson Way'),(35,'Banding','2 Erie Parkway'),(36,'Menomonie','5 Coolidge Crossing'),(37,'Barnett','0 Roth Road'),(38,'Ridge Oak','25788 Fulton Parkway'),(39,'Trailsway','130 Old Gate Hill'),(40,'Farragut','1288 Spohn Road'),(41,'Ruskin','70374 Orin Way'),(42,'Victoria','15 Cambridge Avenue'),(43,'Blaine','58782 Algoma Avenue'),(44,'Jackson','6 Jackson Court'),(45,'Birchwood','9 Hoard Drive'),(46,'Hauk','0 Loftsgordon Pass'),(47,'Twin Pines','07892 Summit Alley'),(48,'Clyde Gallagher','9 Ridgeview Park'),(49,'Mayfield','23209 Holmberg Crossing'),(50,'Atwood','022 Brentwood Point');
/*!40000 ALTER TABLE `tbl_library_branch` ENABLE KEYS */;
UNLOCK TABLES;

--
-- Table structure for table `tbl_publisher`
--

DROP TABLE IF EXISTS `tbl_publisher`;
/*!40101 SET @saved_cs_client     = @@character_set_client */;
/*!40101 SET character_set_client = utf8 */;
CREATE TABLE `tbl_publisher` (
  `publisherId` int(11) NOT NULL,
  `publisherName` varchar(45) NOT NULL,
  `publisherAddress` varchar(45) DEFAULT NULL,
  `publisherPhone` varchar(45) DEFAULT NULL,
  PRIMARY KEY (`publisherId`)
) ENGINE=InnoDB DEFAULT CHARSET=latin1;
/*!40101 SET character_set_client = @saved_cs_client */;

--
-- Dumping data for table `tbl_publisher`
--

LOCK TABLES `tbl_publisher` WRITE;
/*!40000 ALTER TABLE `tbl_publisher` DISABLE KEYS */;
INSERT INTO `tbl_publisher` VALUES (1,'Rippin Inc','752 Graedel Circle','756-206-0758'),(2,'Graham LLC','92 Melvin Place','190-261-0953'),(3,'McGlynn, Welch and Dooley','9 Mariners Cove Street','938-258-2542'),(4,'Stiedemann, Zieme and Funk','6 Arkansas Terrace','575-304-7375'),(5,'Donnelly, Feest and McGlynn','630 Loeprich Court','450-168-3524'),(6,'Feeney-Bartoletti','38523 Steensland Court','834-822-0932'),(7,'Streich, Johnston and Carroll','8 Ronald Regan Center','449-938-9789'),(8,'Homenick, Abshire and Jacobson','310 Aberg Pass','461-513-2625'),(9,'Bins, Brown and Rogahn','917 Burning Wood Place','849-745-2771'),(10,'Paucek-Veum','4 Melody Hill','923-273-6046'),(11,'Goyette, Wilderman and Schinner','1688 Milwaukee Crossing','414-958-7141'),(12,'Vandervort and Sons','83555 Packers Circle','344-730-0240'),(13,'Hills-Volkman','3191 Golf Court','499-913-8852'),(14,'Lemke LLC','1 Lindbergh Crossing','653-971-8579'),(15,'Kassulke, Price and Dare','56 Delladonna Plaza','178-103-3398'),(16,'Cremin, Cruickshank and Adams','974 5th Avenue','183-176-4677'),(17,'Lubowitz-Koelpin','72 Darwin Point','222-121-7677'),(18,'Roob-Jenkins','9867 Sutherland Trail','832-804-9930'),(19,'Grant Inc','0 Corben Trail','385-145-2448'),(20,'Ebert-Lubowitz','340 5th Parkway','286-623-4810'),(21,'Raynor, Renner and Gaylord','3048 Surrey Drive','149-820-6411'),(22,'Jacobi Inc','37770 Nova Crossing','893-987-5117'),(23,'Herzog, Conroy and Herzog','09 West Park','904-522-1691'),(24,'Halvorson-Crooks','99 Bultman Center','659-516-9983'),(25,'Veum, Waters and Stanton','2 Comanche Alley','246-958-4167'),(26,'Morissette, Oberbrunner and Nader','5 Hoepker Parkway','129-779-4244'),(27,'Bruen-Jakubowski','483 Haas Center','885-914-4815'),(28,'Green and Sons','20 Anhalt Avenue','478-310-0954'),(29,'Ritchie, Runolfsdottir and Pagac','389 Jenifer Drive','573-792-1301'),(30,'Veum, VonRueden and McGlynn','4 Union Drive','952-394-0884'),(31,'Bashirian LLC','35 Morrow Drive','654-201-9041'),(32,'Osinski-Schuppe','41 7th Point','745-462-4014'),(33,'Mills, Gleichner and Weber','9 Garrison Avenue','945-934-5957'),(34,'Walter, Koch and Hoeger','05 Grayhawk Center','568-254-0297'),(35,'Kassulke, Wunsch and Simonis','041 Melody Terrace','923-990-9860'),(36,'Dicki, Jones and Leffler','214 Loomis Terrace','620-182-9214'),(37,'Purdy and Sons','71312 Fairfield Alley','886-399-9259'),(38,'Maggio-Purdy','0 Erie Parkway','693-307-2498'),(39,'Tremblay, Mertz and Bergstrom','1 Sunfield Parkway','728-554-3591'),(40,'Kertzmann Group','35 Southridge Drive','305-255-0045'),(41,'Senger LLC','6 Glendale Circle','555-987-1700'),(42,'Connelly-Bahringer','8019 Petterle Point','408-957-5116'),(43,'Kemmer, Kassulke and Funk','59478 Heath Crossing','497-206-6566'),(44,'Reichert-Kuphal','8305 Tennyson Point','361-380-7494'),(45,'Schroeder and Sons','337 Valley Edge Circle','275-188-5720'),(46,'Williamson, Donnelly and Von','5 Ridge Oak Lane','966-559-3650'),(47,'Zemlak, Beier and Kiehn','285 Starling Trail','972-390-1408'),(48,'Cummings-Kub','582 Orin Way','975-571-1056'),(49,'Miller and Sons','16 Riverside Place','766-450-0639'),(50,'Hegmann Inc','917 Esker Terrace','599-955-9754'),(51,'Halvorson, Reilly and Renner','88 Mandrake Road','887-637-3606'),(52,'Spencer, Bradtke and Franecki','679 Oakridge Pass','940-844-9617'),(53,'Mayer-Stokes','967 International Road','407-675-0168'),(54,'Murazik, Hintz and Hand','32463 Surrey Way','916-914-8579'),(55,'Spinka, Hintz and Fahey','68816 Quincy Lane','774-248-2386'),(56,'Rohan-Feeney','8355 Buell Circle','294-959-8237'),(57,'MacGyver, Bruen and Koss','027 Pearson Way','516-352-8896'),(58,'Kirlin-Hahn','3746 Vahlen Junction','547-874-0549'),(59,'Ondricka, Cronin and Hahn','14 Helena Alley','874-224-7199'),(60,'Boyer-Schmeler','902 Fuller Terrace','236-544-8770'),(61,'Russel-Cole','7 Banding Lane','118-258-1569'),(62,'Nikolaus-Crona','76 Towne Circle','446-914-0884'),(63,'Bechtelar, Abernathy and Hauck','7953 Old Shore Road','516-777-7184'),(64,'Raynor, Wilkinson and Ortiz','5 Derek Alley','268-190-2623'),(65,'Spencer-Kuhlman','552 Trailsway Road','202-732-2226'),(66,'Walsh and Sons','1 Dottie Street','367-551-2031'),(67,'Haag-Rowe','6424 Cambridge Crossing','717-630-7438'),(68,'Schamberger LLC','2709 Moulton Court','349-588-4288'),(69,'Johns, Hodkiewicz and Green','39248 Dottie Plaza','425-761-2088'),(70,'Rohan LLC','2 Algoma Avenue','653-416-8634'),(71,'Luettgen Group','6 Glacier Hill Lane','949-523-4446'),(72,'Keebler-Hickle','53642 Nevada Park','494-402-5986'),(73,'Collins, Blick and Altenwerth','56625 Spaight Way','762-460-9473'),(74,'Gutkowski, Bailey and Walsh','07 Riverside Lane','687-890-3809'),(75,'Lubowitz-Doyle','61 Marquette Drive','835-421-5915'),(76,'Sipes, Romaguera and Bartell','72 Butternut Place','473-198-7678'),(77,'Sipes-Altenwerth','1 Burrows Street','630-843-7989'),(78,'Satterfield and Sons','73 Golf View Avenue','457-527-6180'),(79,'Waters LLC','4 Grover Crossing','290-265-0917'),(80,'Beer, Okuneva and Deckow','25468 Karstens Point','272-896-0944'),(81,'Moen-Sporer','6 Hayes Circle','554-896-8838'),(82,'Schroeder-Franecki','87 Starling Parkway','911-371-1542'),(83,'McClure, Becker and Christiansen','40 Fair Oaks Park','490-506-5446'),(84,'Maggio, Wiegand and Rogahn','64361 Morningstar Circle','689-923-7689'),(85,'Hegmann-Marks','1 Jana Junction','226-582-8510'),(86,'Wehner-Huel','65 Melody Way','522-194-1613'),(87,'Herman, Monahan and Kautzer','4104 Vermont Crossing','901-818-4680'),(88,'Renner-Kulas','924 Mitchell Drive','738-377-7172'),(89,'Bayer-Kuhic','8 Hoepker Street','871-893-9040'),(90,'Price-Kertzmann','6 Bartelt Road','775-867-4938'),(91,'Cartwright, Anderson and Mraz','642 Nancy Hill','455-790-3339'),(92,'Kautzer, Conn and Dickinson','4813 Blaine Alley','571-189-3201'),(93,'Jerde-Wintheiser','216 Del Sol Park','346-837-2379'),(94,'Gottlieb-Crona','19 Arizona Park','678-853-0945'),(95,'Hodkiewicz Group','2051 Magdeline Terrace','840-499-7014'),(96,'Ebert, Mills and Leannon','81812 Blue Bill Park Street','960-633-9186'),(97,'Reichert-Fahey','73769 Dennis Court','614-358-7573'),(98,'Russel Inc','89 Autumn Leaf Way','234-763-8687'),(99,'Cronin-Reichel','59 Miller Point','466-847-1113'),(100,'Pollich, Mills and Gutmann','47 Delaware Place','434-521-0883');
/*!40000 ALTER TABLE `tbl_publisher` ENABLE KEYS */;
UNLOCK TABLES;
/*!40103 SET TIME_ZONE=@OLD_TIME_ZONE */;

/*!40101 SET SQL_MODE=@OLD_SQL_MODE */;
/*!40014 SET FOREIGN_KEY_CHECKS=@OLD_FOREIGN_KEY_CHECKS */;
/*!40014 SET UNIQUE_CHECKS=@OLD_UNIQUE_CHECKS */;
/*!40101 SET CHARACTER_SET_CLIENT=@OLD_CHARACTER_SET_CLIENT */;
/*!40101 SET CHARACTER_SET_RESULTS=@OLD_CHARACTER_SET_RESULTS */;
/*!40101 SET COLLATION_CONNECTION=@OLD_COLLATION_CONNECTION */;
/*!40111 SET SQL_NOTES=@OLD_SQL_NOTES */;

-- Dump completed on 2018-08-07 22:09:48
